,status,month,credit_history,purpose,credit_amount,savings,employment,investment_as_income_percentage,personal_status,other_debtors,residence_since,property,age,installment_plans,housing,number_of_credits,skill_level,people_liable_for,telephone,foreign_worker,credit
0,0,1,0,0,5,0,0,4,1,0,4,0,6,0,0,2,0,1,0,0,1
1,1,6,1,0,31,1,1,2,0,0,2,0,2,0,0,1,0,1,1,0,0
2,2,1,0,1,10,1,2,2,1,0,3,0,4,0,0,1,1,2,1,0,1
3,0,5,1,2,42,1,2,2,1,1,4,1,4,0,1,1,0,2,1,0,1
4,0,3,2,3,25,1,1,3,1,0,4,2,5,0,1,2,0,2,1,0,0
5,2,4,1,1,48,0,1,2,1,0,4,2,3,0,1,1,1,2,0,0,1
6,2,3,1,2,14,2,0,3,1,0,4,1,5,0,0,1,0,1,1,0,1
7,1,4,1,4,37,1,1,2,1,0,2,3,3,0,2,1,2,1,0,0,1
8,2,1,1,0,16,3,2,2,1,0,4,0,6,0,0,1,1,1,1,0,1
9,1,4,0,3,27,1,3,4,1,0,2,3,2,0,0,2,2,1,1,0,0
10,1,1,1,3,6,1,4,3,0,0,1,3,2,0,2,1,0,1,1,0,0
11,0,6,1,5,22,1,4,3,0,0,4,1,2,0,2,1,0,1,1,0,0
12,1,1,1,0,8,1,1,1,0,0,1,3,2,0,0,1,0,1,0,0,1
13,0,3,0,3,6,1,0,4,1,0,4,3,6,0,0,2,1,1,1,0,0
14,0,2,1,3,7,1,1,2,0,0,4,3,2,0,2,1,0,1,1,0,1
15,0,3,1,0,6,4,1,4,0,0,2,3,3,0,0,1,1,1,1,0,0
16,2,3,0,0,12,0,0,4,1,0,4,1,5,0,0,2,0,1,1,0,1
17,0,4,3,5,43,0,4,2,1,0,3,3,2,1,0,3,0,1,1,0,1
18,1,3,1,4,67,1,0,4,0,0,2,2,4,0,1,1,2,1,0,0,0
19,2,3,1,0,18,2,0,3,1,0,2,3,3,0,0,1,0,2,0,0,1
20,2,1,0,3,11,1,1,4,1,0,4,3,4,0,0,3,0,1,0,0,1
21,0,1,1,0,13,2,1,2,1,0,3,0,4,0,2,1,0,2,1,0,1
22,0,1,0,3,11,1,4,1,1,0,3,0,4,0,2,2,1,2,1,1,1
23,1,1,0,4,9,4,4,3,1,0,4,1,4,0,0,1,0,1,1,0,1
24,2,1,0,2,10,0,1,2,1,0,1,3,2,0,0,2,0,1,1,1,1
25,0,1,1,2,7,1,1,1,1,0,2,0,3,1,0,1,1,1,0,0,1
26,2,1,3,0,1,1,0,4,1,0,4,3,3,0,0,1,1,1,1,0,1
27,3,1,4,0,1,3,1,3,0,0,3,0,4,0,2,2,0,1,1,0,1
28,1,1,1,0,12,1,1,3,1,1,2,0,3,0,0,1,0,1,1,0,1
29,0,7,2,5,36,1,0,3,1,0,4,2,6,0,0,2,0,1,0,0,0
30,1,2,1,5,9,3,4,3,1,0,3,0,3,1,0,1,0,1,0,0,1
31,0,3,1,2,21,1,1,2,1,0,2,3,2,2,0,1,0,1,1,0,1
32,1,2,1,3,31,4,1,2,1,0,2,3,3,0,0,2,0,1,0,0,1
33,2,1,0,5,6,0,0,4,1,0,4,2,5,0,2,1,1,1,1,0,1
34,3,1,1,2,7,1,4,4,0,0,1,1,3,1,0,1,2,1,0,0,1
35,1,5,0,0,25,1,4,4,1,0,2,1,2,0,0,2,1,1,1,0,0
36,2,6,0,1,32,1,1,1,1,0,3,2,3,1,1,1,0,1,0,0,1
37,3,2,1,0,10,1,1,4,1,2,2,0,3,2,0,1,0,1,1,0,0
38,3,1,1,6,6,1,1,2,1,0,2,3,3,0,0,1,0,1,0,0,1
39,1,1,1,0,2,1,1,4,1,0,3,0,2,0,0,1,0,1,1,0,1
40,2,4,1,0,12,2,0,4,1,0,2,3,3,1,0,1,2,1,1,0,1
41,1,1,1,0,5,2,1,3,1,0,1,3,2,0,0,1,0,1,0,0,1
42,1,2,2,7,33,1,1,2,1,0,4,0,4,0,0,1,1,2,0,0,1
43,0,4,0,4,33,4,2,1,1,0,4,3,2,0,2,2,0,1,1,0,1
44,0,6,0,4,32,1,0,4,0,0,4,2,5,2,1,2,1,1,1,0,0
45,2,1,0,3,7,1,4,4,0,0,4,3,3,0,0,2,2,1,1,0,1
46,2,4,1,0,12,2,0,4,1,0,4,3,3,0,0,1,0,1,1,0,1
47,0,1,1,4,6,2,3,1,0,0,2,1,2,0,2,1,3,1,0,0,1
48,2,1,0,3,38,1,1,1,1,0,4,1,3,0,0,2,1,1,1,0,1
49,2,1,1,0,10,4,1,4,0,2,2,0,2,0,0,1,0,1,1,0,1
50,1,3,2,2,12,0,4,4,1,0,2,1,2,1,0,1,1,1,1,0,1
51,1,3,2,4,31,1,0,1,1,0,2,3,3,0,0,2,2,1,0,0,1
52,2,1,1,0,6,1,1,3,1,0,2,3,2,0,0,1,0,1,1,0,1
53,2,2,1,4,17,0,1,2,1,0,1,1,3,0,0,1,0,1,0,0,1
54,1,4,2,3,11,1,0,4,1,0,4,2,5,1,1,2,0,1,0,0,0
55,2,1,4,3,3,0,1,1,1,1,2,0,2,2,0,1,1,2,1,0,1
56,1,1,1,0,34,0,3,2,1,0,1,2,5,0,0,1,2,1,0,0,0
57,2,4,0,0,51,1,1,2,0,0,2,3,3,2,0,2,0,1,1,0,1
58,3,2,1,3,10,1,0,3,0,0,2,3,2,0,0,1,2,1,1,0,1
59,0,4,0,2,33,1,4,4,0,2,4,2,2,0,2,2,1,1,0,0,0
60,1,1,1,5,7,1,1,2,1,0,1,0,2,1,0,1,0,1,0,0,1
61,1,2,0,0,7,0,0,4,1,1,4,0,5,0,0,2,0,1,0,0,1
62,1,4,3,5,10,1,0,4,1,0,4,2,6,0,1,1,2,1,0,0,0
63,1,6,3,5,77,1,1,2,1,0,2,3,2,0,0,1,0,1,0,0,0
64,2,3,1,0,16,1,4,4,0,0,4,1,2,0,0,1,0,1,0,0,1
65,2,3,1,7,27,0,0,4,1,0,4,1,4,0,0,4,0,2,0,0,1
66,2,1,1,0,11,1,4,2,0,0,2,3,2,1,0,1,0,1,1,0,1
67,1,1,1,3,5,3,1,4,1,0,1,0,2,0,0,1,0,1,1,0,1
68,2,4,1,1,9,1,1,4,1,0,4,2,3,2,1,1,0,1,0,0,0
69,2,4,1,0,12,0,1,4,0,0,4,3,2,0,0,1,0,1,1,0,1
70,2,4,1,4,43,1,1,1,0,0,2,1,3,1,0,1,0,1,1,0,1
71,2,1,0,0,3,0,0,4,1,0,2,1,4,0,2,2,1,1,0,0,1
72,0,1,0,8,5,1,0,3,1,0,4,2,5,1,1,2,2,2,0,0,1
73,1,5,0,5,31,1,2,2,0,0,1,0,4,1,0,2,1,1,1,0,1
74,0,4,1,1,10,0,0,4,1,0,4,2,4,0,0,1,2,1,0,0,0
75,0,1,0,4,7,1,0,4,1,0,4,2,6,0,1,2,2,1,1,0,1
76,0,5,1,0,21,1,4,4,1,0,3,3,3,0,0,1,0,1,1,0,0
77,1,1,2,0,25,1,2,2,1,0,4,1,5,0,0,1,0,1,1,0,1
78,2,6,3,4,50,0,1,2,1,0,2,1,3,0,0,1,1,2,1,0,1
79,1,4,1,2,20,1,4,2,1,0,1,1,2,0,0,1,0,1,1,0,1
80,2,3,1,0,31,0,4,1,0,0,1,3,4,0,0,2,0,1,0,0,0
81,2,2,1,0,6,2,0,4,1,0,3,1,4,2,0,1,0,1,0,0,1
82,2,2,1,5,8,4,1,3,0,0,4,1,2,0,2,1,1,1,1,0,1
83,0,3,1,8,9,1,0,4,0,1,4,0,5,0,0,1,1,1,0,0,1
84,0,1,1,0,12,1,0,3,1,0,4,0,5,0,0,1,1,1,1,0,1
85,2,1,0,5,7,1,1,4,0,1,2,0,2,0,0,2,2,1,0,0,1
86,1,2,0,2,6,1,4,4,0,0,1,1,2,0,0,2,0,1,1,0,1
87,1,4,1,1,67,4,1,1,1,0,4,2,4,0,1,1,0,2,0,0,0
88,0,2,1,3,11,4,2,4,1,0,3,3,3,0,0,1,2,2,0,0,1
89,0,1,3,7,5,1,2,4,1,0,3,0,2,0,0,2,0,1,1,0,0
90,2,1,0,0,2,1,0,4,1,0,4,0,5,0,0,1,0,1,1,0,1
91,0,1,0,4,7,1,0,4,1,0,3,0,5,0,0,1,0,1,1,0,1
92,2,1,0,0,3,0,0,4,0,0,3,1,3,1,0,1,1,2,1,0,0
93,3,3,0,2,19,0,0,4,1,2,4,2,2,0,2,2,0,1,1,0,1
94,1,1,1,3,6,3,0,4,1,0,4,0,5,0,0,1,0,1,0,0,1
95,1,6,3,5,85,1,4,3,1,0,4,2,5,0,2,1,0,1,0,0,0
96,2,1,0,1,10,0,2,4,0,0,2,3,6,0,0,1,0,1,1,0,1
97,1,2,1,5,13,4,1,4,1,0,4,3,3,0,0,1,0,1,1,0,1
98,1,4,0,0,12,1,0,4,1,0,4,0,3,0,0,1,0,1,1,0,1
99,1,2,2,4,37,0,2,3,1,0,4,1,3,1,2,2,2,2,0,0,1
100,2,3,1,3,7,4,0,4,1,0,4,0,4,0,2,1,1,1,1,0,1
101,1,4,1,0,12,1,2,4,1,0,4,3,2,0,2,1,0,1,1,0,1
102,2,1,2,0,4,1,1,3,0,0,2,0,2,0,0,1,0,1,1,0,1
103,1,1,0,2,9,1,2,4,1,0,3,3,3,0,2,1,0,1,0,0,1
104,2,1,1,4,12,0,4,2,1,0,4,3,2,0,2,1,0,1,0,0,1
105,1,3,0,8,64,1,1,2,1,2,3,3,3,0,0,2,2,2,0,0,0
106,2,2,4,3,34,1,0,2,1,0,4,2,3,1,0,2,2,2,0,0,0
107,1,1,1,3,32,1,2,2,1,0,2,3,3,0,0,1,0,1,1,0,1
108,0,3,1,2,41,0,4,1,0,0,2,1,3,0,0,1,0,1,0,1,1
109,1,2,1,5,7,2,0,1,1,0,2,0,3,0,0,1,0,1,0,0,1
110,1,1,2,5,7,4,0,1,1,0,2,3,3,1,0,2,0,2,1,0,1
111,3,2,1,1,1,1,4,4,0,0,4,1,2,0,2,1,0,1,0,0,1
112,1,2,1,3,33,1,2,3,1,0,3,0,2,0,2,1,1,1,1,0,1
113,2,4,0,3,42,1,1,4,0,0,2,0,2,2,0,2,0,1,0,0,0
114,0,1,1,0,8,2,0,3,1,0,1,0,3,0,0,1,0,1,1,0,1
115,2,6,0,0,18,0,0,4,1,0,1,0,4,0,0,1,0,1,0,0,1
116,0,5,1,0,38,0,2,4,0,0,3,3,3,0,0,1,2,1,0,0,0
117,0,1,0,2,11,0,4,2,0,2,3,0,2,0,2,2,0,1,1,1,1
118,0,4,0,2,22,2,1,1,0,0,4,3,2,0,0,2,0,1,1,0,0
119,1,1,0,3,12,2,2,3,1,0,3,3,3,0,0,1,2,1,0,0,1
120,0,3,1,0,9,1,1,3,0,0,2,0,2,0,0,2,0,1,0,0,0
121,2,3,0,4,20,1,0,4,0,0,2,3,4,0,2,2,2,1,0,0,1
122,2,1,1,2,9,1,1,3,1,0,2,0,2,0,2,1,1,1,1,0,1
123,3,1,0,3,3,1,0,4,1,0,4,2,6,0,1,2,0,1,0,0,1
124,1,2,1,2,10,0,4,4,0,0,3,0,2,0,2,1,0,1,1,0,0
125,0,1,0,3,11,1,1,4,1,0,2,1,3,0,0,2,0,1,1,0,1
126,0,1,1,0,3,1,1,4,1,0,2,0,4,0,0,1,1,1,1,0,1
127,1,1,1,7,3,1,1,4,1,0,2,3,3,0,0,1,0,1,1,0,0
128,1,1,0,4,9,1,3,4,1,0,2,3,3,0,0,2,2,1,0,0,1
129,0,1,0,3,18,1,1,3,0,2,2,0,2,0,0,2,0,1,1,0,0
130,1,6,1,3,45,0,2,1,0,0,2,3,2,0,0,1,0,1,1,0,1
131,0,4,2,1,36,1,1,4,1,0,3,1,2,2,0,1,0,1,0,0,0
132,2,2,1,2,14,1,4,2,1,0,3,1,2,1,0,2,1,1,1,0,1
133,2,2,1,2,10,1,1,4,1,0,4,2,4,1,1,2,0,1,1,0,1
134,2,7,1,0,54,4,2,2,0,0,4,0,2,0,0,1,0,1,0,0,1
135,2,1,0,0,6,0,0,4,0,0,2,0,3,0,0,2,0,1,0,0,1
136,2,3,2,4,46,3,1,2,1,0,2,3,2,0,0,2,0,1,1,0,1
137,1,1,1,0,3,2,1,4,1,0,3,0,6,0,0,1,1,1,1,0,0
138,1,2,0,0,14,0,2,4,1,1,2,0,3,1,0,3,0,1,0,0,1
139,3,1,1,0,9,1,1,2,0,0,2,3,4,0,2,1,1,1,0,0,1
140,3,1,1,3,3,3,4,2,1,0,2,0,2,0,0,1,3,1,1,1,1
141,1,4,1,0,25,1,4,4,0,0,1,2,3,0,0,1,2,1,0,0,1
142,0,3,1,0,18,1,1,3,1,0,2,3,2,0,0,1,2,1,1,0,1
143,0,2,1,2,12,1,1,2,1,0,2,3,2,0,0,1,0,1,1,0,0
144,2,3,0,2,11,1,4,4,0,0,4,1,2,0,0,1,0,1,0,0,1
145,1,6,4,5,18,4,2,4,1,0,2,3,3,0,0,1,0,1,1,0,1
146,0,1,0,3,4,1,0,1,0,0,4,2,3,0,0,2,0,1,0,0,1
147,2,1,0,3,3,4,2,4,0,0,3,3,5,0,0,2,0,1,0,0,1
148,0,4,0,2,28,1,1,3,1,1,2,1,2,0,0,2,0,1,1,0,1
149,2,2,0,0,8,3,0,4,1,0,4,3,4,0,0,2,0,1,1,0,1
150,2,1,1,0,6,4,0,2,1,0,4,2,4,1,1,1,0,2,0,0,1
151,2,1,1,0,10,1,1,1,1,0,4,1,3,0,0,1,0,1,0,1,1
152,3,4,1,0,31,1,1,4,1,0,1,3,2,0,0,1,0,1,1,0,1
153,1,3,0,4,41,3,0,2,0,0,4,2,2,0,2,1,0,1,1,0,1
154,1,3,2,5,37,4,2,4,1,0,4,3,3,0,2,1,2,1,0,0,1
155,0,1,1,2,6,1,1,2,0,0,4,3,2,0,2,1,0,1,1,0,0
156,0,1,0,7,6,4,0,3,1,1,4,0,4,0,0,2,0,2,1,1,1
157,0,1,4,9,1,1,0,4,1,0,1,3,4,1,0,1,1,1,1,0,1
158,1,3,1,3,18,4,2,2,1,0,3,3,3,1,0,2,0,1,0,0,1
159,2,1,0,0,9,0,1,1,1,0,2,0,3,0,0,2,1,2,1,0,1
160,2,3,0,0,15,4,0,3,1,0,4,0,3,0,0,1,0,2,0,0,1
161,2,2,0,3,5,1,4,4,0,0,1,1,3,0,0,2,0,1,1,0,1
162,2,2,1,6,6,2,2,4,1,0,3,1,3,0,0,2,0,1,0,0,1
163,1,1,1,3,39,1,3,2,1,0,4,2,7,1,1,1,2,1,0,0,1
164,2,4,1,3,4,2,0,4,1,0,4,1,3,0,0,1,0,1,1,0,1
165,2,1,1,2,15,2,1,1,1,0,2,3,3,0,0,1,0,1,0,0,1
166,0,2,1,2,5,1,3,4,0,0,2,3,3,0,0,1,0,1,1,0,0
167,1,1,1,2,8,3,4,4,0,0,1,0,2,0,0,1,0,1,1,0,1
168,2,3,1,2,21,1,2,2,0,0,4,1,2,0,2,1,0,1,0,0,1
169,1,3,0,5,10,1,0,4,1,0,4,0,3,0,0,2,0,1,0,0,0
170,0,2,3,3,4,1,0,4,1,0,3,3,3,0,2,2,0,2,1,0,0
171,2,1,1,2,3,1,1,4,0,0,1,0,2,0,0,1,0,1,0,0,1
172,1,3,2,2,10,1,3,3,0,0,2,1,3,0,0,1,2,1,0,0,0
173,1,1,1,0,7,1,1,4,1,1,2,0,3,0,0,1,0,1,1,1,1
174,0,3,2,1,18,1,4,2,1,0,1,1,2,0,0,2,0,1,1,0,0
175,2,4,4,4,40,0,3,4,0,0,1,0,5,1,0,1,2,1,0,0,0
176,0,1,1,2,13,1,1,2,1,0,1,3,4,0,0,1,0,1,1,0,1
177,0,1,0,0,1,2,0,4,1,0,4,3,5,0,0,2,0,1,1,0,1
178,2,1,1,0,10,1,2,4,1,0,2,3,3,0,2,2,2,2,0,0,1
179,0,3,0,3,2,1,0,4,1,0,4,0,6,0,0,2,0,1,1,0,1
180,2,4,2,5,51,1,4,1,1,0,1,3,2,0,0,2,0,1,1,0,0
181,1,4,2,5,23,1,1,2,1,0,2,0,3,2,0,2,2,1,0,0,0
182,0,3,4,3,8,0,1,4,1,0,2,1,4,0,0,2,1,2,1,0,0
183,2,3,0,2,20,3,1,4,1,0,4,0,5,0,0,1,0,1,0,0,1
184,1,2,0,3,4,1,0,4,1,0,4,3,3,1,0,1,0,2,0,0,0
185,2,2,0,0,6,1,1,4,1,0,2,1,3,0,0,2,0,1,1,0,1
186,1,1,4,4,27,1,0,2,0,0,4,2,7,1,1,1,2,2,0,0,0
187,1,2,0,3,5,1,3,2,1,0,3,3,6,0,1,3,3,1,0,0,1
188,0,1,1,0,3,4,2,4,1,0,1,1,2,0,0,1,0,1,1,0,0
189,1,2,3,2,17,1,1,1,0,0,4,3,3,1,0,2,0,1,0,0,1
190,2,3,1,5,24,3,1,2,1,0,3,1,5,0,0,3,2,1,0,0,0
191,1,6,3,5,20,4,2,4,1,0,4,2,3,0,1,1,1,2,1,0,0
192,1,3,1,5,20,1,1,4,1,0,2,3,3,0,0,1,0,2,0,0,0
193,2,1,1,0,11,1,2,2,1,0,2,0,2,0,2,1,0,1,1,0,1
194,1,5,1,0,15,4,1,4,1,1,4,1,2,0,2,1,0,1,1,0,0
195,1,1,0,1,7,1,0,2,0,0,3,3,3,0,0,2,2,1,0,0,0
196,2,1,0,0,7,1,1,1,0,0,1,3,2,0,0,2,0,1,0,0,1
197,1,1,1,2,4,4,4,4,0,0,4,3,2,1,2,4,0,1,1,0,0
198,1,3,1,4,14,0,0,4,1,0,4,2,3,1,1,1,0,1,0,0,1
199,1,2,2,2,22,1,0,4,1,0,3,2,4,0,0,1,2,1,0,0,0
200,2,1,0,1,4,2,0,4,1,0,2,3,5,0,0,2,0,1,0,0,1
201,0,1,1,3,5,1,1,4,1,0,3,0,2,0,0,1,1,1,1,0,1
202,2,3,2,5,27,1,2,3,1,0,4,3,2,0,0,2,0,1,1,0,1
203,0,1,1,9,4,1,2,4,1,0,4,1,2,0,2,1,0,1,1,0,0
204,2,1,0,3,7,1,0,4,1,0,1,0,3,0,0,2,1,2,1,0,1
205,0,4,0,4,56,1,0,3,1,0,4,2,3,0,1,3,2,2,0,0,1
206,2,1,0,2,10,1,0,4,1,0,4,0,4,0,0,3,0,1,0,0,1
207,1,1,0,6,7,1,2,4,1,0,3,1,2,0,0,1,0,1,1,0,1
208,0,3,1,5,35,1,1,2,1,0,2,3,2,2,0,1,1,1,1,0,1
209,2,1,1,4,7,3,2,3,1,0,2,1,5,0,0,1,0,1,1,1,1
210,2,1,0,0,16,0,1,1,1,0,2,0,3,0,0,2,0,2,1,0,1
211,2,4,1,0,20,0,0,2,0,0,4,0,4,0,0,1,1,1,0,0,1
212,0,3,3,5,28,1,3,2,1,0,4,1,5,2,0,2,0,1,0,0,0
213,3,4,2,5,9,1,0,4,1,0,4,0,6,0,0,1,2,1,0,0,0
214,2,4,0,0,17,0,0,4,1,0,2,3,5,0,0,1,0,1,0,0,1
215,1,1,0,9,4,0,2,1,0,0,3,1,3,0,0,2,1,1,1,0,1
216,0,2,3,5,16,1,2,3,1,0,1,1,3,1,0,1,0,1,0,0,1
217,3,4,1,0,20,1,1,2,1,0,2,0,2,0,0,1,0,1,0,0,1
218,0,3,1,2,15,1,1,2,1,0,2,0,2,0,2,1,1,1,1,0,1
219,2,1,1,3,7,1,1,2,0,0,4,3,6,0,0,1,0,1,0,0,1
220,1,1,1,0,3,1,4,4,1,1,1,0,2,1,0,1,1,1,1,0,1
221,0,1,1,1,6,0,1,4,0,0,4,1,2,1,2,1,0,1,0,0,1
222,2,1,1,0,3,1,1,4,1,0,2,0,3,1,0,2,0,1,1,0,1
223,2,3,2,5,15,0,1,4,1,0,4,0,3,0,0,2,0,2,0,0,1
224,2,2,1,4,24,1,1,3,1,0,2,3,3,0,0,1,0,1,0,0,1
225,2,4,3,7,13,1,1,4,1,0,2,3,2,0,0,2,0,1,1,0,1
226,1,6,1,0,58,3,2,1,1,2,2,2,2,1,0,2,0,1,0,0,0
227,0,1,1,2,42,1,0,4,1,0,4,2,5,0,1,1,2,1,0,0,0
228,2,1,1,0,7,1,2,4,1,0,2,3,2,0,0,1,0,1,1,0,0
229,0,3,1,2,16,1,4,4,1,0,1,2,2,1,1,1,0,1,1,0,1
230,3,4,1,0,22,1,1,4,1,0,2,3,2,0,0,1,0,1,1,0,0
231,2,1,1,3,13,2,0,2,1,0,4,2,5,0,1,1,1,1,1,0,1
232,2,1,1,0,11,4,2,3,1,0,1,2,3,0,0,1,0,1,1,0,1
233,1,2,1,0,4,1,1,4,1,1,2,0,2,0,0,1,1,1,1,0,1
234,2,1,0,0,7,1,2,2,1,0,1,0,4,0,0,3,1,2,1,0,1
235,0,3,1,0,9,1,3,4,1,0,2,3,3,2,0,1,2,2,1,0,0
236,1,1,1,3,78,0,3,1,1,0,2,1,2,0,0,1,3,1,0,0,0
237,1,3,1,5,14,4,0,4,1,0,2,3,6,1,2,2,1,1,1,0,0
238,2,1,0,0,6,1,1,4,0,0,2,1,3,0,0,2,0,1,1,0,1
239,0,4,1,0,13,1,0,1,1,1,3,1,3,0,0,1,0,2,1,0,1
240,0,3,1,3,4,0,0,4,0,0,2,3,2,1,0,1,0,1,1,0,0
241,2,1,1,0,8,1,2,3,1,0,2,1,5,0,0,1,0,2,1,0,1
242,0,6,3,4,24,1,0,3,1,0,4,2,2,0,1,2,0,2,1,0,0
243,2,1,0,5,6,1,1,3,0,0,2,0,2,0,0,2,0,1,1,0,1
244,2,1,4,9,18,2,1,4,0,0,3,0,3,0,0,1,1,2,1,0,1
245,2,3,1,5,6,1,2,4,1,0,1,0,2,0,0,1,0,1,0,0,1
246,2,1,0,0,3,1,0,4,1,0,4,0,5,0,0,3,0,1,1,0,1
247,2,1,3,3,6,4,1,4,1,0,1,2,3,1,2,1,0,1,1,1,1
248,3,3,1,2,10,1,1,2,1,0,2,0,2,0,0,1,0,1,1,0,1
249,2,2,1,0,1,1,3,3,0,2,4,0,2,0,2,1,0,1,1,0,0
250,0,1,0,3,3,3,2,3,0,0,4,0,3,0,0,2,1,1,0,0,1
251,3,1,1,2,11,1,1,1,0,0,2,3,4,0,0,1,1,1,1,0,1
252,1,4,1,3,11,1,1,4,0,1,2,2,2,1,0,1,0,1,1,0,0
253,2,3,2,2,22,4,1,2,1,0,3,1,3,0,0,2,0,1,1,0,1
254,1,1,1,2,10,0,2,2,1,0,1,3,2,0,0,1,0,1,0,0,1
255,1,7,2,0,39,0,1,1,1,0,1,0,2,0,0,1,1,1,1,0,1
256,2,3,0,0,14,1,1,4,1,0,2,0,3,0,0,2,1,1,1,0,1
257,0,1,4,0,11,1,1,4,1,0,1,2,2,0,1,1,0,1,1,0,0
258,2,2,1,4,20,4,4,1,0,0,4,3,2,0,0,1,0,1,0,0,1
259,2,1,0,0,5,4,3,4,0,0,4,0,5,0,0,3,1,1,1,0,1
260,0,1,1,2,8,1,1,2,1,0,2,0,2,0,0,1,0,1,1,0,1
261,0,3,1,0,8,1,0,4,0,0,4,3,5,0,0,1,0,1,1,0,1
262,0,2,0,3,28,1,0,2,1,0,4,2,3,0,1,3,2,1,0,0,1
263,2,1,0,1,14,1,0,2,0,0,4,2,5,1,1,3,1,1,1,0,1
264,2,1,0,3,6,1,0,3,1,0,4,0,3,0,0,2,1,2,1,1,1
265,1,2,1,0,3,1,0,4,1,0,3,3,3,0,0,1,0,2,1,0,0
266,2,4,0,5,33,0,0,4,1,0,4,0,3,0,0,2,0,1,1,0,1
267,2,3,1,0,7,1,4,4,0,0,3,3,3,2,0,1,0,1,0,0,1
268,0,2,1,3,48,1,0,1,1,0,4,1,4,0,0,1,2,1,0,1,0
269,2,3,1,0,5,0,0,4,1,0,2,3,2,0,0,2,0,1,1,0,1
270,2,2,1,3,14,0,2,4,1,0,3,1,3,0,0,1,0,1,1,1,1
271,2,1,0,2,7,2,2,3,0,0,4,3,3,0,2,1,0,1,0,0,1
272,1,6,4,3,65,0,3,4,1,2,4,2,3,0,1,1,2,1,0,0,1
273,1,6,1,0,16,1,2,4,1,0,4,0,2,0,0,2,0,1,1,0,0
274,0,4,1,7,64,1,4,1,1,0,1,2,3,0,0,1,1,1,0,0,0
275,2,1,1,0,14,1,1,1,1,0,2,0,3,0,0,1,0,2,1,0,1
276,2,2,0,0,12,1,1,2,0,0,2,3,2,0,0,2,0,1,1,0,1
277,0,1,1,2,6,0,0,2,1,0,4,1,4,0,0,1,1,1,0,0,1
278,2,1,1,2,24,1,4,1,0,0,4,1,3,0,0,1,0,1,1,0,0
279,2,3,1,0,9,4,1,4,1,0,4,3,2,0,2,1,2,1,0,0,1
280,2,2,0,4,17,3,0,3,1,0,4,2,2,0,2,2,0,1,0,0,1
281,2,1,1,2,8,1,1,4,1,0,2,0,5,0,0,1,0,1,1,0,1
282,3,2,4,0,7,0,2,4,1,0,4,3,4,1,0,1,1,1,1,0,1
283,2,2,0,2,7,0,0,4,1,0,4,1,6,0,0,1,0,1,1,0,1
284,1,3,0,3,20,4,4,4,1,0,2,3,3,0,0,1,0,1,0,0,1
285,0,6,1,3,57,1,4,1,0,0,1,0,3,0,0,1,1,1,0,0,1
286,0,6,1,4,25,1,2,4,1,0,3,1,2,0,0,1,0,2,1,0,1
287,1,6,2,8,40,4,3,2,1,0,4,2,3,0,1,1,2,1,0,0,1
288,1,1,1,0,5,1,1,4,0,1,4,0,4,0,0,2,0,1,0,0,1
289,0,3,2,0,5,1,4,4,1,0,4,0,4,2,0,1,0,1,1,0,0
290,2,1,1,5,5,1,1,2,1,0,2,0,2,0,0,1,0,1,0,1,1
291,1,4,1,4,50,1,4,1,1,0,4,3,2,0,2,1,2,1,0,0,0
292,0,3,0,4,34,1,0,2,0,0,4,2,4,0,1,2,2,2,0,0,1
293,3,5,0,4,25,1,0,4,1,0,4,2,5,0,1,1,0,1,1,0,1
294,2,6,0,5,40,0,0,4,1,0,2,3,4,1,0,2,2,2,1,0,1
295,1,6,1,2,53,1,4,1,0,0,2,3,2,0,0,1,0,1,0,0,0
296,2,1,1,4,24,0,4,1,0,0,4,3,2,0,2,1,0,1,1,0,1
297,2,1,1,3,6,0,0,4,1,2,2,1,4,0,0,1,1,1,1,1,1
298,2,2,1,2,13,1,1,3,1,0,4,0,4,0,0,1,0,1,0,0,1
299,1,3,0,2,14,3,2,3,1,0,2,3,3,0,0,2,0,1,0,0,1
300,2,1,1,3,3,1,3,1,0,0,4,0,5,0,0,1,3,1,0,0,1
301,1,4,3,0,20,1,1,4,0,0,1,3,4,0,0,1,0,1,0,0,0
302,3,3,0,3,6,0,2,4,1,0,2,0,3,1,0,2,1,2,1,0,0
303,0,1,0,3,5,1,2,4,1,2,3,1,4,0,0,2,0,1,0,0,1
304,2,6,0,3,54,2,1,2,1,0,2,2,4,1,1,1,0,1,1,0,0
305,2,1,1,2,7,3,1,4,1,0,2,0,3,0,0,1,0,1,1,0,1
306,2,4,1,4,25,0,2,2,0,0,4,1,2,2,2,1,1,1,1,0,1
307,0,1,1,0,3,4,4,4,1,0,3,2,3,0,0,1,1,1,0,0,0
308,1,1,1,2,6,1,1,3,0,0,4,0,2,0,0,1,0,1,1,0,0
309,1,1,1,3,1,1,1,4,1,0,4,0,2,0,2,1,1,1,1,0,1
310,1,6,1,8,28,0,3,3,1,0,4,2,4,1,1,1,3,1,0,0,1
311,2,3,1,2,29,4,1,4,1,0,1,3,2,2,0,1,0,1,1,0,1
312,3,3,1,2,19,1,4,2,0,0,4,3,2,0,0,1,0,1,1,0,1
313,1,1,1,3,3,1,2,2,1,0,3,3,2,1,0,1,1,1,1,0,0
314,3,1,1,3,7,0,4,1,1,0,2,0,2,0,0,1,1,2,1,1,1
315,0,4,4,2,14,1,0,4,1,0,4,3,3,1,0,1,0,1,1,0,0
316,0,1,1,2,3,1,1,2,1,1,3,1,3,0,0,1,1,2,1,0,1
317,1,3,1,2,23,0,1,1,0,0,4,1,4,0,0,1,1,1,0,0,1
318,2,1,0,1,3,1,1,4,1,0,2,3,3,0,0,2,0,1,1,0,1
319,0,2,2,2,19,1,0,1,0,0,4,1,2,0,0,2,1,1,1,0,1
320,1,4,0,3,22,1,3,4,1,0,2,3,2,0,0,2,2,1,1,0,0
321,0,3,1,0,10,1,4,4,1,0,3,1,3,0,0,1,0,1,1,0,0
322,0,3,1,4,15,1,2,2,1,0,1,2,3,0,1,1,2,1,0,0,1
323,0,2,1,2,13,3,1,4,1,0,2,3,2,0,0,1,0,1,1,0,1
324,2,2,0,3,5,1,1,4,0,0,3,0,3,0,0,2,0,1,1,0,1
325,0,1,0,3,17,1,2,1,1,0,4,0,3,0,0,2,1,1,1,1,1
326,2,1,0,2,30,0,0,2,1,0,4,1,4,0,2,1,0,1,0,0,1
327,2,3,1,3,7,3,2,4,0,0,3,3,3,0,0,1,0,2,0,0,1
328,3,4,1,0,23,1,0,4,1,0,2,3,3,0,0,1,0,1,1,0,1
329,1,1,1,0,5,1,0,4,1,0,4,3,2,0,0,1,0,2,1,0,1
330,0,3,0,4,35,1,3,2,1,0,4,2,7,0,1,2,2,1,0,0,1
331,2,2,0,1,9,4,1,4,0,0,2,0,3,0,0,2,0,1,1,0,0
332,1,7,1,3,39,4,4,4,0,0,2,1,2,0,0,1,2,1,1,0,0
333,2,6,0,4,62,4,1,2,0,0,4,3,2,1,2,2,1,1,1,0,0
334,0,3,3,2,21,1,0,3,1,0,4,2,2,1,2,2,0,2,1,0,0
335,0,1,0,2,17,1,1,1,1,0,4,0,4,0,2,1,2,1,0,0,0
336,1,2,1,0,10,1,4,2,0,1,4,1,2,0,0,1,1,1,1,0,1
337,0,2,1,6,6,0,1,4,0,0,2,3,2,0,2,1,0,1,1,0,0
338,0,3,1,2,22,1,1,4,1,0,4,1,2,0,0,1,0,1,1,0,1
339,1,1,1,2,7,1,1,4,1,0,2,3,3,0,0,1,1,1,1,0,1
340,1,3,0,1,30,1,4,2,0,0,4,2,2,0,1,2,0,1,0,0,1
341,0,3,1,2,19,1,2,1,0,0,4,3,2,0,2,1,1,1,1,0,1
342,1,2,1,0,16,2,4,1,1,0,3,0,2,0,2,1,0,1,1,0,1
343,1,2,1,5,23,1,0,1,1,2,1,0,3,1,0,1,2,1,0,0,1
344,3,1,1,3,20,1,4,1,1,1,1,1,3,0,0,1,1,2,1,0,1
345,2,2,0,0,7,1,1,4,0,0,2,3,4,0,0,1,1,1,1,0,1
346,1,2,0,0,4,1,4,4,1,1,4,0,2,0,0,2,0,1,1,0,1
347,1,3,1,0,19,2,3,1,0,0,4,2,2,0,2,1,3,1,1,0,1
348,2,1,2,5,9,4,1,1,1,0,2,0,3,0,0,2,1,1,1,0,1
349,1,1,0,1,5,3,0,4,1,0,3,2,3,0,1,2,0,2,1,0,0
350,2,1,1,6,6,1,4,1,0,0,4,0,2,0,2,1,0,1,0,0,1
351,1,1,1,2,4,1,1,1,0,0,2,3,2,0,0,1,0,1,1,1,0
352,2,2,0,4,17,0,3,2,1,0,4,2,3,0,0,1,2,1,0,0,1
353,0,1,3,0,33,1,1,4,1,0,2,1,2,0,2,2,0,1,0,0,0
354,2,1,1,1,3,2,0,4,1,0,4,2,4,0,1,1,0,1,0,0,1
355,1,3,1,3,6,1,4,4,1,0,2,0,2,2,0,1,1,1,1,0,0
356,2,1,0,0,12,0,0,1,1,2,4,0,4,0,0,1,0,1,0,0,1
357,2,4,2,0,23,1,1,4,1,0,2,3,2,0,0,2,2,1,0,0,0
358,2,1,1,0,3,1,1,4,1,0,2,0,2,0,0,1,0,1,1,0,1
359,0,4,1,2,12,1,2,4,0,0,4,0,2,0,2,1,0,1,1,0,0
360,1,2,1,1,6,0,1,4,1,0,4,2,6,0,1,1,0,1,1,0,1
361,3,1,1,0,17,0,0,2,1,0,3,3,3,0,0,1,2,1,1,0,1
362,3,1,2,3,11,1,1,2,0,0,2,3,3,2,0,2,0,1,0,0,1
363,2,1,1,2,9,1,1,1,1,0,2,1,2,0,2,1,0,1,1,0,1
364,0,2,1,2,12,1,3,4,1,0,1,3,2,0,0,1,3,1,1,0,0
365,2,1,1,5,7,1,2,2,1,0,4,3,3,0,0,1,0,1,0,0,1
366,2,2,0,4,20,1,2,3,1,0,1,3,2,0,0,2,0,1,1,0,1
367,0,2,1,2,19,1,4,1,0,0,4,3,2,0,2,1,0,1,1,0,1
368,0,4,1,2,18,1,0,4,1,0,2,3,4,0,0,1,0,2,1,0,0
369,1,2,1,2,15,1,2,2,0,0,4,0,4,0,2,1,0,1,1,0,1
370,2,4,1,3,16,0,1,4,1,0,4,0,3,0,0,1,0,1,1,0,1
371,2,2,0,0,32,1,0,3,1,0,4,3,3,0,0,2,0,1,0,0,1
372,2,1,0,2,11,1,4,1,0,0,3,0,2,0,2,2,0,1,1,0,1
373,2,7,0,3,73,0,0,2,1,0,4,2,6,1,1,1,2,1,0,0,1
374,1,7,4,8,79,4,0,3,0,0,4,2,6,1,1,2,2,1,0,0,0
375,0,6,4,5,41,1,2,2,0,1,4,3,3,0,2,1,0,1,1,0,0
376,2,2,2,0,12,1,3,2,1,0,3,0,3,0,0,2,0,1,1,0,1
377,2,1,2,0,4,0,0,3,1,0,4,2,3,0,1,1,0,1,1,0,1
378,1,4,1,3,76,1,0,4,1,0,2,2,5,0,1,1,2,1,0,0,0
379,2,1,0,3,1,4,1,4,0,0,4,3,5,0,0,2,1,1,1,0,1
380,0,2,1,2,11,0,2,4,1,0,4,3,3,0,0,1,0,1,0,0,1
381,1,2,1,4,69,1,3,3,0,0,4,2,3,0,1,1,2,1,0,0,0
382,2,3,1,3,6,0,2,4,0,0,4,1,2,0,2,1,0,1,1,0,1
383,3,1,1,3,6,1,4,4,1,0,1,0,2,0,0,1,0,1,1,0,1
384,2,4,2,5,22,4,1,2,1,0,2,1,2,0,0,2,1,1,1,0,1
385,2,2,0,0,11,1,1,2,0,0,1,3,2,0,0,2,0,1,1,0,1
386,2,2,1,0,5,0,4,4,0,0,2,0,2,0,2,1,0,1,0,0,1
387,1,2,0,2,39,1,3,4,1,0,4,1,4,2,0,2,2,1,0,0,1
388,1,2,0,5,12,2,1,2,1,0,4,3,2,1,0,1,0,1,1,0,1
389,2,1,1,5,7,1,2,3,0,0,2,3,2,0,0,2,0,1,1,0,1
390,2,2,1,3,9,1,1,2,1,0,2,1,3,0,0,1,2,1,0,0,1
391,1,1,1,2,4,3,4,1,0,0,4,0,1,0,2,1,1,1,1,0,1
392,0,4,1,3,17,1,2,2,1,0,4,2,3,1,1,1,2,2,0,0,1
393,0,1,0,0,10,1,2,1,0,0,4,3,3,0,0,1,0,1,1,0,1
394,2,1,0,2,12,1,3,2,1,0,3,3,3,0,0,1,2,1,1,0,1
395,1,5,2,1,63,4,2,2,1,0,3,2,3,0,2,1,0,1,0,0,1
396,0,1,1,2,13,1,3,3,0,0,4,2,5,0,1,1,2,1,1,0,1
397,0,4,0,2,12,1,1,3,1,0,2,1,4,0,0,2,0,1,0,0,1
398,1,1,1,3,6,1,0,1,1,0,1,0,4,0,2,2,0,1,1,0,0
399,2,3,0,0,7,3,1,4,0,0,1,0,4,0,0,2,1,1,1,0,1
400,2,2,1,0,7,1,4,3,1,0,4,0,3,0,0,1,0,1,0,0,1
401,1,2,0,5,9,0,1,4,1,0,4,0,2,1,0,2,0,1,1,0,1
402,2,3,2,5,46,1,4,2,1,0,2,3,2,1,0,2,0,1,0,0,0
403,2,2,2,3,3,1,1,4,1,0,2,3,2,0,0,2,1,1,1,0,1
404,1,2,2,3,15,0,0,4,1,0,4,3,4,0,0,1,0,2,1,0,1
405,1,3,1,0,10,1,4,1,1,0,1,1,2,0,0,1,0,1,0,0,0
406,2,3,0,4,11,0,2,4,1,0,4,3,4,0,0,2,0,2,0,0,1
407,0,2,1,0,5,1,4,4,1,0,2,0,2,0,0,1,0,1,1,1,1
408,2,3,1,0,17,2,0,3,1,0,2,3,2,0,0,1,2,1,0,0,1
409,3,1,0,3,4,2,2,4,1,0,2,0,2,0,0,3,0,1,0,0,0
410,1,3,1,0,10,1,0,4,0,0,4,3,2,0,0,1,0,1,0,0,1
411,2,4,0,4,38,1,2,3,1,0,2,3,3,0,0,2,2,1,0,0,1
412,2,1,0,5,12,1,3,4,1,0,2,3,4,2,0,2,2,1,0,0,0
413,2,1,1,3,8,2,1,3,1,0,2,2,4,0,2,1,1,2,1,1,1
414,0,3,1,3,7,0,1,4,0,0,2,1,3,0,0,1,0,1,1,0,0
415,2,4,0,4,31,1,0,2,1,0,2,1,3,0,0,2,0,2,0,0,1
416,0,1,1,3,13,1,4,4,1,0,1,0,3,0,0,1,1,2,1,0,0
417,0,2,2,1,45,0,1,1,0,0,2,3,2,0,2,2,0,1,0,0,1
418,2,3,1,3,14,2,2,1,0,0,2,3,3,1,0,1,2,1,1,0,1
419,1,2,1,3,5,0,1,4,0,0,2,1,3,0,0,1,0,1,1,0,0
420,2,2,1,3,16,3,2,2,0,0,3,3,2,0,2,1,0,1,1,0,1
421,1,1,1,4,10,0,1,4,1,0,2,3,3,0,0,1,0,1,1,0,1
422,1,1,0,3,4,1,2,2,1,0,3,0,4,0,0,2,1,2,1,0,1
423,2,3,2,2,8,4,2,4,1,0,3,0,3,0,0,2,2,1,1,0,1
424,1,1,1,2,14,0,0,1,0,0,2,1,2,1,0,1,0,1,0,0,0
425,1,2,1,4,14,1,1,1,1,0,3,3,2,0,2,1,0,1,0,0,1
426,2,3,0,0,14,1,0,4,1,0,2,3,2,0,0,2,0,1,1,0,1
427,2,2,0,0,5,3,1,4,1,0,3,0,4,0,0,2,0,1,1,0,1
428,2,1,1,2,6,1,0,1,1,0,4,3,2,0,0,1,0,1,1,0,1
429,0,2,0,7,6,1,3,2,0,0,4,2,5,0,1,3,3,2,1,0,0
430,2,1,1,5,18,1,2,1,1,0,4,0,7,0,0,1,1,1,1,0,1
431,1,3,1,8,60,1,1,2,1,2,3,3,2,1,0,2,2,1,0,0,0
432,0,1,0,2,9,1,3,4,1,0,4,2,3,0,1,3,2,1,0,0,1
433,2,3,0,7,10,1,1,4,1,0,2,0,3,0,0,2,0,1,0,0,1
434,0,1,1,2,11,1,1,3,1,0,2,0,2,0,0,1,0,1,1,0,1
435,1,1,1,0,7,0,1,2,1,0,1,0,2,0,0,1,0,1,0,0,0
436,2,1,1,7,3,2,2,2,1,0,4,0,2,0,2,1,1,1,1,0,1
437,2,3,0,3,6,3,0,4,0,0,4,0,3,0,0,2,0,1,0,0,1
438,0,5,0,7,17,1,3,4,1,2,4,3,6,0,0,2,3,1,1,0,1
439,3,1,4,5,2,1,4,4,0,0,1,0,2,0,0,1,3,1,1,0,0
440,2,1,1,3,9,1,0,4,1,0,4,3,3,0,0,1,2,1,0,0,1
441,0,1,1,2,8,1,1,2,0,2,3,1,3,0,0,1,0,1,1,0,1
442,1,2,2,8,13,1,1,2,1,0,3,3,2,1,0,2,0,1,0,0,1
443,2,1,1,1,3,1,0,4,1,0,4,3,4,1,0,1,1,2,1,0,0
444,1,6,0,2,27,1,1,2,0,0,3,3,3,0,0,1,2,1,0,0,0
445,2,1,0,1,6,0,0,4,0,0,4,1,4,0,2,2,1,1,1,0,1
446,0,4,1,3,9,1,4,4,0,0,4,3,3,0,0,1,0,1,0,0,0
447,1,1,1,0,13,1,1,2,1,1,2,0,3,0,0,1,0,1,1,0,1
448,3,1,1,2,7,0,0,3,0,0,4,0,5,0,0,1,2,1,0,0,1
449,1,2,2,7,7,3,1,3,1,0,3,1,6,2,0,2,0,1,1,0,0
450,2,4,0,4,59,0,1,4,1,0,2,3,3,0,0,1,2,1,0,0,1
451,2,1,1,0,2,1,1,3,0,0,1,0,2,0,0,1,0,1,1,0,1
452,2,1,3,2,14,1,0,2,1,0,4,1,3,0,0,2,0,1,1,0,1
453,2,3,1,4,14,1,0,4,1,0,4,3,3,0,0,1,2,1,0,0,1
454,0,3,1,3,25,1,2,2,1,2,3,1,3,0,0,1,0,1,0,0,0
455,2,3,1,4,14,1,4,4,0,0,1,2,2,0,0,1,2,1,0,0,1
456,0,1,0,3,20,1,1,2,1,0,2,0,3,0,2,2,0,2,1,0,1
457,0,1,1,4,17,1,0,3,1,0,4,2,3,0,1,1,0,1,0,0,0
458,0,1,1,6,1,1,4,4,0,0,1,0,2,0,0,1,0,1,1,0,1
459,2,2,1,0,24,1,4,3,1,0,2,3,3,0,0,1,0,1,0,0,1
460,0,4,1,2,19,1,1,1,1,1,2,1,3,0,0,1,0,2,1,0,1
461,0,2,1,3,8,1,4,2,1,0,3,0,3,0,0,1,0,1,1,0,1
462,1,1,1,2,15,1,4,3,0,0,1,0,3,0,2,1,2,1,1,0,1
463,1,1,1,9,3,0,0,4,1,0,4,1,3,0,0,2,0,1,1,0,1
464,2,2,1,5,10,1,2,4,1,0,1,3,3,2,0,2,0,1,0,0,1
465,0,3,1,4,15,1,1,3,1,1,4,2,6,1,0,1,0,2,0,0,1
466,0,3,2,0,8,1,4,4,0,0,2,3,2,0,2,1,1,1,0,0,0
467,2,6,2,0,38,0,0,3,1,0,3,3,3,1,0,2,0,2,1,0,1
468,2,4,2,5,14,1,1,2,0,0,2,3,2,0,0,2,0,1,0,0,1
469,2,3,2,4,24,1,2,3,1,0,3,3,3,0,0,2,1,1,0,0,1
470,1,3,1,0,16,4,4,3,1,0,2,3,2,0,2,1,0,1,0,0,0
471,0,1,1,1,2,1,4,4,0,0,4,1,2,0,0,1,0,1,1,0,0
472,0,1,1,3,3,1,1,4,1,0,3,3,2,0,0,1,1,1,1,0,0
473,2,1,1,9,6,0,3,4,1,0,4,1,3,0,0,1,2,2,0,0,1
474,1,2,0,0,6,1,1,4,1,0,2,3,3,0,0,1,0,1,1,0,0
475,0,2,3,2,16,1,4,1,0,0,4,1,2,0,2,1,0,1,1,0,0
476,2,5,1,4,13,2,1,4,1,0,4,3,2,0,0,1,0,1,1,0,1
477,3,3,1,0,27,1,2,4,1,0,2,3,2,1,0,1,0,1,1,0,1
478,1,1,1,5,5,4,2,3,1,0,4,0,3,0,0,1,1,1,1,0,1
479,0,2,0,2,7,1,0,4,1,0,4,3,4,0,0,2,0,2,0,0,1
480,1,1,0,0,18,1,1,1,0,0,1,0,2,0,0,1,1,1,1,0,1
481,1,3,1,3,6,1,4,4,1,0,1,1,2,0,0,1,0,1,1,0,1
482,0,4,1,2,19,3,0,4,0,0,4,1,5,0,2,2,0,1,0,0,1
483,2,2,2,2,4,3,2,3,0,0,2,1,3,0,0,2,0,1,1,0,1
484,2,1,0,3,5,2,1,4,1,0,4,0,4,0,0,1,0,1,0,0,1
485,1,1,2,3,6,1,3,4,1,0,4,1,4,0,0,1,2,1,0,0,0
486,2,1,1,0,16,1,1,2,1,0,4,3,5,0,0,1,0,1,0,0,1
487,2,3,1,3,19,1,0,4,0,2,4,2,6,0,1,1,0,1,0,0,1
488,2,1,1,3,7,4,1,3,1,0,2,0,3,0,2,1,1,1,1,1,1
489,2,1,1,3,18,1,1,2,1,1,3,1,2,0,2,1,0,1,1,0,1
490,2,1,0,0,10,1,0,2,1,0,2,2,2,0,0,2,0,1,1,0,1
491,1,3,3,5,44,1,0,2,0,0,4,2,4,0,1,2,2,1,0,0,0
492,2,1,0,0,6,4,1,1,0,0,1,1,2,0,0,2,0,1,1,0,1
493,1,1,1,0,1,0,0,4,1,0,4,1,3,0,0,1,0,1,1,0,1
494,0,1,0,3,11,1,1,3,1,0,2,0,3,0,2,2,1,2,1,1,1
495,0,3,1,2,15,0,1,2,1,0,4,3,2,0,0,1,0,1,1,0,0
496,1,4,1,2,48,4,4,4,1,2,1,2,2,0,2,1,2,1,0,0,0
497,2,3,0,2,8,1,2,4,1,0,3,1,4,0,0,2,0,1,1,0,1
498,1,2,1,0,6,1,0,4,1,1,2,0,3,0,0,1,1,1,1,0,1
499,3,1,0,3,6,4,0,2,1,0,4,3,2,0,0,2,0,2,0,0,1
500,0,3,1,3,16,1,4,4,0,0,1,1,2,0,0,1,0,1,1,0,0
501,0,4,1,4,29,1,0,2,1,0,4,2,4,0,1,1,0,2,1,0,1
502,3,1,1,0,5,4,0,2,1,0,4,0,4,0,0,1,0,1,1,0,1
503,1,3,0,0,6,4,4,4,1,0,4,2,3,1,0,2,0,2,1,0,0
504,0,3,1,3,6,1,4,4,0,0,4,1,2,0,2,1,0,1,1,0,0
505,2,1,1,3,6,0,1,4,1,1,4,1,2,0,0,1,1,1,1,0,0
506,3,2,0,4,12,2,1,2,1,0,2,3,3,0,0,1,0,1,0,0,1
507,1,2,4,3,36,4,3,1,1,0,2,1,3,0,0,1,2,2,0,0,0
508,2,3,1,0,7,1,1,4,1,0,2,1,2,0,0,1,0,1,1,0,1
509,2,5,1,4,45,4,0,4,1,0,2,3,4,0,0,1,2,1,0,0,1
510,0,1,1,3,3,1,2,4,1,0,2,0,2,0,0,1,0,1,1,0,0
511,2,4,1,4,24,1,1,2,1,0,2,2,3,0,1,1,2,1,0,0,1
512,3,2,1,5,14,1,2,2,1,0,4,1,2,0,2,1,0,1,0,0,1
513,1,1,2,0,2,1,1,4,1,2,4,0,2,0,2,2,0,1,1,0,1
514,2,3,1,3,11,0,4,4,1,0,1,1,5,0,0,1,0,1,1,0,1
515,0,1,0,3,2,1,2,4,0,0,3,1,3,0,0,2,0,1,1,1,1
516,0,1,0,3,6,1,4,2,1,0,4,0,4,0,0,1,1,2,1,1,1
517,2,4,0,2,38,1,4,2,0,0,4,1,2,0,2,2,0,1,0,0,0
518,0,1,1,3,6,4,0,3,1,0,2,1,4,0,0,1,0,1,0,0,1
519,2,1,0,0,3,0,0,4,1,0,4,2,3,0,1,2,0,1,1,0,1
520,2,3,0,7,29,1,0,3,1,0,4,2,4,0,1,2,0,1,1,0,1
521,0,2,1,0,16,1,1,2,0,0,2,0,2,0,0,1,0,1,1,0,0
522,0,6,3,2,38,1,1,3,1,0,4,2,5,0,1,2,0,2,1,0,0
523,2,3,1,4,18,4,2,3,0,0,4,3,2,0,0,1,0,1,1,0,1
524,1,2,1,0,5,1,1,4,0,1,4,0,2,0,0,1,1,2,1,0,1
525,1,3,1,4,42,1,4,2,1,0,3,3,3,0,0,2,0,1,1,0,1
526,2,2,0,1,7,4,1,4,0,0,3,3,3,0,0,1,0,1,1,0,1
527,2,1,0,0,7,1,2,2,1,0,1,0,4,0,0,2,1,2,1,0,1
528,0,4,1,0,12,1,1,4,1,0,4,3,3,0,2,1,0,1,1,0,0
529,0,1,1,3,3,1,4,3,1,0,4,0,4,0,0,1,1,2,0,0,1
530,1,4,1,1,11,1,2,3,1,0,1,3,3,0,0,2,0,2,1,0,1
531,1,2,1,3,13,4,1,2,0,0,4,3,2,0,2,2,0,1,0,0,0
532,2,1,2,4,7,1,1,4,1,0,4,0,4,0,2,1,0,1,1,0,1
533,2,3,1,0,6,4,2,4,1,0,3,1,2,0,0,1,0,1,0,0,1
534,2,3,1,0,16,0,4,4,1,0,2,3,2,0,0,2,0,1,1,0,1
535,3,3,0,1,12,1,4,2,1,0,1,3,3,0,2,1,0,1,1,0,0
536,0,1,1,3,7,0,3,4,0,0,3,1,7,0,0,1,2,1,0,0,1
537,1,2,0,2,19,1,0,3,0,0,4,1,3,0,0,1,0,1,0,0,1
538,0,6,1,3,41,1,0,4,1,0,4,2,4,1,1,1,2,1,1,0,0
539,3,2,1,2,16,1,4,1,0,0,1,1,4,2,0,1,1,1,1,0,1
540,1,1,1,0,7,1,4,1,1,0,1,0,2,0,2,1,0,1,1,0,0
541,2,3,2,3,10,1,0,4,1,0,4,2,6,0,1,2,0,1,0,0,1
542,0,4,1,2,33,0,0,4,1,0,4,1,3,0,0,1,0,1,1,0,0
543,3,2,1,2,15,1,1,2,1,0,1,0,3,0,0,1,1,2,1,0,0
544,2,1,0,3,6,1,0,4,1,0,4,0,6,0,0,2,1,1,1,0,1
545,0,3,2,3,6,1,3,4,1,0,2,0,4,0,1,2,0,2,1,0,0
546,2,3,0,3,10,1,1,4,0,0,4,3,3,0,0,1,0,1,0,0,1
547,2,3,1,0,8,1,2,3,1,0,1,3,3,1,0,1,0,2,1,0,1
548,0,1,4,0,3,1,1,4,0,0,4,0,2,1,0,1,1,1,1,0,0
549,2,6,0,4,47,0,2,2,1,0,1,2,3,0,1,2,0,1,0,0,1
550,2,1,0,7,5,0,2,4,0,0,4,0,2,0,0,2,0,1,1,0,1
551,2,1,4,0,9,2,0,2,1,0,4,1,4,1,0,1,1,2,1,0,1
552,0,6,1,0,37,1,2,1,1,1,1,0,3,0,0,2,0,1,0,0,0
553,1,1,0,3,10,4,4,4,1,0,1,3,2,0,0,1,0,1,1,0,1
554,1,1,1,1,6,1,2,4,0,0,4,1,6,0,0,2,2,1,0,0,1
555,1,1,1,0,6,1,4,2,1,0,1,3,2,2,0,1,0,1,1,0,0
556,1,2,3,3,11,4,4,3,0,0,3,3,2,0,0,2,0,1,1,0,0
557,2,3,3,3,26,0,1,1,0,0,4,1,2,1,0,2,0,1,0,0,0
558,0,3,4,2,18,1,2,3,1,0,4,3,2,1,0,1,0,1,1,0,0
559,1,2,0,2,10,1,4,2,1,0,2,0,3,0,0,2,1,1,1,0,0
560,0,3,1,4,15,0,0,4,1,0,4,2,4,1,1,1,0,2,0,0,1
561,0,3,4,0,7,1,2,4,1,1,4,3,2,1,2,1,1,1,1,0,0
562,3,1,2,0,3,1,4,2,0,0,1,1,2,1,0,1,0,1,1,0,1
563,1,4,1,3,66,0,1,1,1,0,4,2,3,0,1,1,0,1,0,0,0
564,1,3,2,5,25,0,1,4,1,0,2,1,3,1,0,2,2,1,0,0,1
565,1,3,2,0,8,4,2,3,0,0,2,1,2,0,2,2,0,1,0,0,1
566,0,1,1,3,7,1,2,2,1,0,3,3,3,0,0,1,0,1,1,0,0
567,2,3,0,0,13,3,0,2,1,0,2,3,3,0,0,1,0,1,1,0,1
568,1,6,1,0,21,0,2,4,1,0,1,3,4,0,0,2,0,2,0,0,1
569,0,6,1,0,36,1,1,3,0,0,2,3,3,0,0,1,0,1,0,0,0
570,0,3,1,2,17,1,4,4,0,0,4,0,2,0,2,1,1,1,0,0,0
571,2,4,0,0,31,1,2,3,1,2,2,3,3,0,0,1,0,1,1,0,1
572,2,3,1,4,28,0,3,2,0,0,4,1,2,0,2,1,2,1,0,0,1
573,0,2,1,5,3,1,1,4,0,0,4,1,2,0,0,1,1,1,1,0,1
574,1,1,1,0,5,1,0,4,1,0,4,3,2,0,0,2,1,1,1,0,1
575,2,2,0,2,14,1,2,2,0,2,3,3,2,1,0,2,0,1,1,0,1
576,1,1,1,0,15,1,2,2,0,0,1,0,2,0,0,1,0,1,1,0,1
577,2,3,0,1,10,0,1,3,0,0,2,3,3,0,0,2,0,1,0,0,1
578,1,4,0,3,14,1,4,4,1,0,4,3,2,0,0,2,0,1,1,0,0
579,2,3,1,9,4,1,4,4,1,0,3,3,2,0,0,2,1,1,1,0,1
580,1,2,0,3,5,1,0,3,1,1,3,0,3,1,0,2,0,1,1,0,0
581,1,1,0,3,16,1,4,1,1,0,3,0,4,1,0,2,1,2,1,0,1
582,2,1,1,2,7,1,1,4,0,0,2,0,2,0,2,1,0,1,1,0,1
583,1,4,1,7,12,1,4,4,1,0,1,2,3,0,2,1,1,1,1,0,0
584,2,1,1,3,11,0,0,4,0,0,4,2,5,0,1,1,2,1,0,0,1
585,0,2,1,2,10,1,1,1,0,0,4,0,2,1,2,1,0,1,1,0,0
586,0,1,0,3,14,1,1,2,1,0,2,0,3,0,2,2,0,2,1,0,1
587,0,1,1,2,6,1,1,4,1,1,1,1,2,0,0,1,1,1,1,0,1
588,0,2,1,6,6,1,1,4,1,0,3,0,4,0,0,1,1,1,0,0,0
589,0,1,0,2,11,1,0,3,1,0,3,1,6,0,0,2,0,1,1,0,0
590,0,1,0,0,1,1,2,4,0,0,3,0,5,0,0,4,1,1,0,0,1
591,1,3,2,3,10,0,1,4,0,0,4,3,4,0,2,2,0,1,0,0,1
592,2,3,1,5,8,3,0,4,0,0,4,0,3,1,0,1,1,1,1,0,1
593,1,3,1,3,14,1,1,3,0,0,4,1,2,0,2,1,1,1,0,0,0
594,0,3,4,8,6,0,0,4,1,0,3,3,4,2,0,1,2,1,0,0,0
595,1,1,4,3,4,4,4,1,0,0,1,1,3,2,0,1,1,1,1,0,0
596,0,3,1,3,7,1,2,4,0,0,4,3,2,0,2,2,0,1,1,0,0
597,1,3,3,5,22,1,1,1,1,0,4,0,3,0,0,3,1,1,0,0,0
598,2,2,0,3,14,1,2,2,1,0,2,1,3,1,0,2,0,1,1,0,0
599,2,3,2,5,20,1,1,1,1,0,2,2,3,0,1,1,0,1,1,0,1
600,1,1,1,0,12,1,4,1,0,1,1,0,4,0,0,1,0,1,1,0,1
601,1,1,1,2,4,1,1,4,0,0,1,1,3,0,0,1,0,1,1,0,0
602,1,3,4,1,9,1,2,4,0,0,4,2,3,1,1,1,1,1,1,0,0
603,2,4,1,2,17,1,1,4,0,0,2,3,2,0,0,1,2,1,0,0,0
604,3,1,1,2,6,1,4,4,0,0,2,1,2,0,0,1,0,1,1,0,1
605,0,3,4,2,14,2,1,4,1,0,4,0,2,2,0,1,0,1,0,0,1
606,2,3,0,5,24,1,1,3,1,0,2,0,7,0,0,1,2,1,0,0,1
607,1,4,1,0,14,4,1,4,0,2,4,2,5,0,1,1,0,1,1,0,0
608,2,2,1,0,10,1,4,4,1,0,1,0,3,0,0,1,0,1,1,0,1
609,2,2,1,4,6,0,0,4,1,0,4,2,4,1,1,1,0,2,1,0,1
610,0,1,1,6,3,4,3,4,0,0,3,1,2,0,0,1,0,1,1,0,0
611,3,1,1,3,6,4,0,1,0,0,4,2,4,0,1,1,1,2,1,0,0
612,0,3,1,0,17,3,4,4,0,0,2,3,2,1,0,1,0,1,1,0,1
613,0,3,4,4,19,1,1,1,0,1,4,3,2,1,2,1,0,1,1,1,1
614,2,2,2,2,9,1,2,4,0,0,1,0,2,0,0,1,0,1,1,0,0
615,1,6,3,5,65,0,1,2,1,0,2,3,4,1,0,1,2,1,0,0,1
616,1,7,2,0,49,0,1,2,1,0,2,2,2,0,1,1,2,1,1,0,1
617,0,1,0,3,19,1,1,1,1,0,3,0,3,0,2,3,0,2,1,0,1
618,1,4,1,2,18,4,1,2,0,2,4,3,2,0,2,1,0,1,1,0,0
619,2,1,1,3,3,1,1,4,1,0,2,0,4,0,0,1,1,1,1,0,1
620,1,3,0,5,19,1,2,2,1,0,3,1,2,0,0,2,0,1,1,0,1
621,2,2,0,3,7,1,1,3,1,0,2,1,3,1,0,2,0,1,1,0,0
622,2,6,1,5,20,0,1,4,1,0,2,0,3,1,0,1,0,1,1,0,0
623,0,1,1,2,9,1,4,4,0,0,1,3,2,0,2,1,0,1,1,0,1
624,0,2,1,0,13,1,1,4,1,0,4,2,6,0,1,2,0,1,1,0,0
625,2,2,1,0,10,0,0,4,1,0,2,3,3,0,0,1,0,1,1,0,1
626,3,1,1,2,11,1,1,2,1,0,2,0,4,0,0,1,0,1,0,0,1
627,1,1,4,3,7,4,2,2,1,0,3,2,2,0,0,1,0,1,1,0,0
628,2,5,0,2,21,2,1,4,1,0,4,0,3,0,0,2,0,1,0,0,1
629,2,1,1,1,20,0,0,1,1,0,4,0,6,0,0,1,1,1,1,0,1
630,0,3,1,0,19,1,1,2,0,0,4,3,2,0,0,1,0,1,1,0,1
631,0,2,4,2,8,1,1,4,1,0,3,3,4,1,0,1,0,1,1,0,0
632,1,2,1,0,7,0,4,4,1,0,1,1,2,0,0,1,0,1,1,0,1
633,2,1,1,2,10,1,4,2,0,2,2,3,1,0,2,2,0,1,1,0,0
634,1,3,1,3,6,1,4,3,0,0,4,3,2,0,0,1,1,1,0,0,0
635,2,1,1,1,7,1,0,4,1,0,4,1,4,1,0,3,0,2,0,0,1
636,2,3,1,0,7,2,2,4,0,0,1,3,2,0,0,1,0,1,1,0,1
637,2,7,2,0,84,1,2,2,1,0,4,3,2,0,0,2,0,1,0,0,1
638,2,1,1,0,7,1,4,4,0,0,3,3,3,0,0,1,0,2,1,0,1
639,0,5,2,0,23,1,2,3,1,0,2,1,2,1,0,2,0,2,0,0,0
640,0,2,1,1,3,1,3,4,0,0,1,0,2,0,0,1,3,1,1,0,0
641,1,2,1,7,6,1,0,4,1,0,4,3,3,0,0,2,1,1,1,0,1
642,2,2,1,1,24,4,1,3,1,0,2,1,4,0,0,1,2,1,0,0,0
643,2,3,0,0,9,1,2,4,1,1,2,3,3,0,0,2,0,1,0,0,1
644,0,2,0,0,9,1,2,4,1,0,1,1,3,0,0,2,2,1,0,0,1
645,2,4,2,5,42,0,4,4,1,0,4,3,2,0,2,2,0,1,0,0,0
646,0,4,3,2,24,1,1,2,1,1,2,0,3,0,0,2,0,1,1,0,1
647,2,1,1,3,7,2,1,2,0,0,2,1,2,0,0,1,0,1,1,0,0
648,3,3,1,3,4,1,2,4,1,0,3,2,3,1,1,1,0,2,1,0,0
649,0,1,1,1,3,1,1,4,1,0,4,3,4,0,2,1,1,2,1,0,0
650,0,6,1,1,39,1,2,4,1,0,1,2,5,0,1,1,2,1,0,0,1
651,1,1,1,2,10,1,1,4,1,0,2,1,3,0,0,1,1,1,1,0,0
652,0,3,1,3,12,1,0,4,1,2,1,0,4,0,0,1,0,1,1,0,0
653,1,4,2,3,43,4,0,2,1,0,4,3,4,0,0,4,2,1,0,0,0
654,2,3,0,4,12,1,2,4,1,0,3,3,3,0,0,2,0,1,0,0,1
655,0,2,1,3,21,1,3,1,1,0,4,2,2,0,1,1,0,1,1,0,1
656,1,1,1,3,4,1,0,4,1,0,4,3,4,1,0,1,1,2,1,0,0
657,2,6,1,0,54,0,2,4,1,0,3,3,3,2,0,1,0,1,0,0,1
658,1,4,3,5,22,1,1,2,0,0,1,3,2,0,0,2,0,1,1,0,1
659,1,2,0,2,33,1,0,2,1,0,1,2,4,0,0,1,0,1,0,0,1
660,3,1,1,0,6,1,1,3,1,0,4,0,2,0,2,1,0,1,1,0,1
661,0,1,1,3,4,0,1,4,1,0,2,3,2,0,0,1,0,1,1,0,0
662,2,3,1,2,11,1,0,4,1,0,2,0,5,0,0,2,0,1,1,0,1
663,1,1,2,2,5,1,3,4,1,0,1,1,3,2,0,2,2,1,0,0,1
664,3,1,0,1,5,1,1,2,0,0,4,1,5,0,0,1,1,1,1,0,1
665,2,3,0,8,33,1,3,4,1,2,2,2,2,1,0,2,2,1,0,0,1
666,1,4,4,2,18,3,1,4,1,0,2,3,3,2,0,1,0,2,0,0,1
667,2,6,4,5,19,1,1,1,0,0,1,0,2,2,0,1,0,1,1,0,1
668,0,1,0,3,25,1,0,3,1,2,4,1,4,0,2,2,0,1,0,0,0
669,3,4,0,0,15,1,0,4,1,0,4,1,4,0,0,1,0,1,1,0,1
670,2,3,0,5,21,4,1,3,1,0,3,1,2,0,0,2,1,1,0,0,1
671,2,4,1,5,30,4,2,2,1,0,2,3,3,0,0,2,0,1,0,0,1
672,2,7,1,3,55,1,0,2,1,0,4,1,4,0,0,1,2,1,0,0,1
673,2,1,0,3,10,2,1,1,1,0,2,3,2,0,0,1,0,1,1,0,1
674,2,3,2,5,13,2,4,4,1,0,2,0,4,1,0,1,1,2,1,0,0
675,2,4,0,0,24,1,2,4,0,0,4,3,2,0,2,1,2,1,0,0,1
676,2,3,0,2,27,1,0,4,1,0,4,3,3,0,0,1,0,1,0,0,1
677,1,9,1,0,29,4,1,2,1,0,2,3,2,0,0,1,0,1,1,0,0
678,0,3,1,0,12,1,0,4,1,0,4,0,6,1,2,1,1,1,1,0,1
679,2,2,1,0,7,1,4,3,0,0,1,0,2,0,0,1,0,1,1,0,1
680,2,1,1,1,7,1,4,1,0,0,2,2,5,0,0,1,0,1,1,0,1
681,2,1,1,0,11,0,1,4,1,0,4,2,3,0,1,1,0,1,0,0,1
682,2,2,2,0,7,1,1,4,1,0,3,0,3,1,0,2,0,1,1,0,1
683,2,3,0,0,27,1,4,3,1,0,3,2,4,0,1,3,0,1,0,0,1
684,1,4,2,5,52,4,2,1,1,0,3,1,3,0,0,2,1,2,0,0,1
685,2,7,1,3,34,0,1,4,1,0,4,2,3,0,1,1,0,2,0,0,1
686,3,1,0,0,6,0,2,4,1,0,2,1,2,0,0,2,0,1,0,0,1
687,1,4,2,3,15,4,0,4,1,0,3,2,3,0,1,1,0,1,1,0,1
688,2,1,1,0,14,4,0,3,1,2,4,3,3,0,0,1,0,1,0,0,1
689,0,1,1,3,19,3,1,1,1,0,3,1,3,0,0,1,0,2,1,0,1
690,0,2,0,2,4,1,1,2,1,0,3,1,2,0,0,2,0,1,1,0,1
691,1,2,1,7,13,4,1,3,0,0,2,0,2,0,0,1,1,1,1,0,1
692,1,3,1,0,15,4,4,2,1,0,1,3,2,0,0,1,0,1,1,0,1
693,0,1,0,3,25,0,4,1,1,0,3,0,4,0,0,2,1,2,1,0,1
694,2,3,1,0,11,1,2,4,1,0,2,3,2,0,0,1,0,1,0,0,1
695,2,1,1,4,6,2,1,2,1,0,4,1,5,0,2,1,0,1,1,0,1
696,1,1,1,0,5,1,2,4,1,1,3,0,2,0,0,2,0,1,1,1,1
697,2,1,0,3,4,1,3,1,0,0,2,1,3,0,0,1,3,1,1,0,1
698,2,2,0,0,9,1,1,4,1,0,2,3,2,0,0,2,0,1,1,0,1
699,3,2,1,1,9,1,0,4,1,0,4,3,4,0,2,1,2,1,0,0,1
700,2,1,1,2,5,2,1,4,0,0,4,3,2,0,2,1,1,1,1,0,0
701,0,6,0,4,33,1,0,4,1,0,4,2,4,0,1,2,0,1,0,0,0
702,3,3,1,0,7,4,0,4,0,0,2,2,4,0,1,1,0,1,0,0,1
703,1,4,2,5,13,4,0,4,1,0,2,1,4,2,0,2,0,1,1,0,1
704,1,3,1,5,13,1,4,4,0,0,1,1,3,0,0,1,0,2,0,0,1
705,2,2,1,3,28,2,0,1,0,0,4,2,3,0,1,1,0,1,1,0,1
706,1,6,1,3,35,4,2,3,1,0,2,1,2,0,0,1,0,1,1,0,0
707,1,1,3,2,15,1,4,4,0,0,3,1,2,0,2,2,0,1,1,0,0
708,1,1,1,0,6,1,0,4,0,0,4,0,2,0,0,1,0,1,1,0,1
709,1,1,1,0,11,1,1,2,1,0,2,0,3,0,0,1,1,2,1,0,1
710,2,2,0,0,3,2,0,4,1,0,3,1,3,1,0,2,2,1,0,0,1
711,0,1,4,1,6,1,0,4,0,0,4,2,3,0,1,1,0,1,1,0,0
712,2,3,1,4,13,0,0,4,1,0,4,0,4,0,0,1,2,1,0,0,1
713,0,1,0,0,5,1,1,4,1,0,4,0,2,0,0,2,1,1,1,0,1
714,1,7,1,3,75,1,2,4,1,0,2,2,2,0,0,1,2,1,0,0,0
715,2,4,0,4,40,0,0,1,1,0,4,3,6,0,0,2,0,1,1,0,1
716,2,4,0,0,16,0,0,3,1,0,2,3,4,0,0,2,0,2,0,0,1
717,2,2,1,0,7,1,1,4,1,0,2,2,3,0,1,1,2,1,0,0,1
718,3,3,0,0,16,0,1,3,1,0,2,3,3,0,0,2,0,1,0,0,1
719,1,2,3,4,32,4,0,3,1,0,4,3,3,1,0,2,0,1,0,0,1
720,3,1,3,0,6,1,4,4,1,0,2,3,3,0,0,2,2,1,0,0,0
721,1,1,4,1,1,3,4,4,0,0,2,1,2,1,2,1,0,2,1,0,0
722,0,1,1,3,6,1,1,4,0,0,2,0,2,0,0,1,1,1,1,0,0
723,1,1,1,0,3,2,1,4,0,0,3,0,6,0,0,1,1,1,1,0,1
724,2,3,1,3,13,1,1,3,0,0,3,0,2,0,2,1,0,1,1,0,0
725,2,1,0,3,1,3,1,2,0,0,2,0,4,1,0,2,1,1,1,0,1
726,2,2,0,0,6,2,1,2,1,0,2,1,4,0,0,2,1,1,1,0,1
727,0,2,1,0,9,1,1,4,0,0,4,3,2,1,2,2,0,1,1,0,0
728,1,6,4,5,34,1,0,4,0,0,3,2,5,0,2,1,0,1,1,0,0
729,3,3,0,5,6,3,1,2,1,0,4,0,3,0,0,2,0,1,0,0,1
730,1,3,2,0,34,1,4,1,1,0,2,3,3,0,0,1,0,1,1,0,1
731,0,3,1,0,10,1,1,2,1,0,4,0,2,0,2,1,1,2,1,0,0
732,1,1,1,0,3,1,2,4,0,1,2,0,4,0,0,1,1,1,1,0,1
733,2,3,1,4,13,3,1,2,0,0,4,3,2,0,2,1,0,1,0,0,1
734,2,1,0,3,17,1,2,1,0,0,1,0,3,0,0,1,0,2,1,0,1
735,1,4,4,6,21,0,4,3,0,0,2,2,2,1,0,1,3,1,1,0,1
736,1,3,1,4,61,1,1,1,0,0,4,3,2,0,2,2,2,1,1,0,0
737,0,2,1,3,23,4,1,3,1,0,4,3,3,0,0,1,1,2,0,0,1
738,2,1,0,3,36,1,2,1,1,0,3,2,4,0,0,2,2,2,0,0,1
739,1,4,3,5,22,4,1,4,0,0,4,3,2,0,2,2,1,1,1,0,0
740,0,3,4,3,12,4,2,2,1,0,3,3,3,1,0,1,0,1,1,0,1
741,1,1,4,0,5,1,1,4,1,0,4,0,2,2,0,1,1,1,1,0,1
742,2,3,1,0,16,0,0,4,1,0,3,1,4,0,0,1,0,1,0,0,1
743,0,3,4,2,13,2,1,4,1,0,4,0,2,2,0,1,0,1,0,0,1
744,0,5,0,2,76,0,2,4,1,0,4,1,3,0,0,2,2,1,0,0,1
745,0,2,0,5,9,1,4,3,1,0,1,1,2,1,0,2,1,1,1,0,1
746,0,2,1,3,13,1,3,1,0,0,4,3,2,0,2,1,0,1,1,0,1
747,0,1,1,3,6,1,4,3,0,0,1,0,3,0,0,1,1,1,1,0,0
748,2,3,1,4,27,0,1,1,1,0,3,3,2,0,0,1,0,1,1,0,1
749,2,2,1,4,15,1,2,2,1,0,2,3,3,0,0,1,0,1,1,0,1
750,0,1,1,2,1,1,0,2,0,0,1,1,4,1,0,1,0,1,0,0,1
751,0,2,1,3,4,1,4,1,0,0,2,3,2,0,0,1,1,1,1,0,0
752,1,1,1,5,4,4,2,2,0,0,4,0,2,0,2,1,1,1,1,0,1
753,2,4,0,0,30,1,2,4,0,0,2,3,2,0,0,2,0,1,1,0,1
754,2,1,2,7,8,3,0,4,1,0,4,2,5,0,1,2,0,2,1,0,0
755,0,3,1,3,6,0,2,4,0,0,4,2,3,0,2,1,0,1,1,0,0
756,3,1,0,3,6,1,1,1,1,0,1,0,7,0,0,3,3,2,1,1,1
757,3,2,0,0,6,0,1,3,1,0,4,2,3,0,1,2,0,1,0,0,0
758,2,3,1,3,7,1,1,2,1,1,2,0,3,0,0,1,0,1,0,0,1
759,0,1,0,3,3,1,0,4,1,0,3,1,3,0,0,2,0,1,1,0,0
760,2,2,0,3,26,0,0,1,0,0,4,3,5,0,0,1,0,1,0,0,1
761,0,2,0,2,11,1,1,4,0,0,4,0,2,0,2,2,0,1,1,0,0
762,0,1,1,0,11,1,1,4,1,0,3,1,2,0,0,1,1,1,1,0,1
763,2,3,0,3,68,0,0,4,1,0,4,2,3,0,1,1,2,1,0,0,0
764,2,3,0,3,12,4,2,4,1,0,3,1,2,0,0,2,0,1,0,0,1
765,1,1,1,0,5,1,0,3,1,1,3,0,4,1,0,2,1,1,1,0,1
766,0,4,1,2,16,1,4,2,1,0,4,1,3,0,0,1,1,1,1,0,0
767,2,1,1,4,15,0,4,1,0,0,4,0,3,0,2,1,0,1,1,0,1
768,1,1,0,2,19,1,0,1,1,0,4,3,2,0,2,3,0,1,0,0,1
769,2,1,0,0,8,1,0,2,1,0,4,0,6,0,0,2,1,1,0,0,1
770,0,3,1,4,14,0,0,2,0,0,4,0,2,0,2,1,0,1,1,0,1
771,0,4,0,1,43,1,1,3,0,0,2,2,2,0,0,2,2,1,0,0,0
772,2,3,0,4,17,1,0,1,1,0,4,3,3,0,0,1,2,1,0,0,1
773,2,3,0,0,11,4,0,4,1,0,4,1,5,1,0,2,0,1,1,0,1
774,3,1,0,3,7,2,3,2,1,0,4,2,6,1,1,3,3,1,1,0,1
775,0,3,1,3,7,0,1,4,0,0,4,0,2,0,2,1,0,1,1,0,0
776,2,4,0,3,18,1,2,4,1,0,4,3,3,0,0,2,0,1,0,0,1
777,0,2,1,0,18,1,2,4,0,1,1,0,2,0,0,1,0,1,1,0,1
778,2,4,0,4,30,3,0,4,1,0,2,3,3,0,0,2,2,1,0,0,1
779,1,2,1,7,20,1,3,2,0,0,4,3,6,0,0,1,0,1,0,0,1
780,1,5,0,0,26,1,2,2,1,1,2,0,2,0,0,2,0,1,1,0,0
781,2,3,0,3,10,3,0,4,1,0,4,0,6,0,0,1,0,1,0,0,1
782,1,1,3,9,7,1,1,2,1,0,2,0,3,0,0,1,1,1,0,0,1
783,1,1,1,3,4,4,4,4,0,0,2,1,2,1,0,1,1,1,1,0,0
784,1,2,1,4,34,0,3,1,1,0,4,0,6,0,0,1,2,1,0,0,1
785,1,2,1,5,10,3,1,4,1,0,2,1,3,0,0,1,1,1,0,0,1
786,2,3,1,0,14,2,0,3,1,0,4,3,4,0,0,1,0,1,1,0,1
787,2,6,0,4,14,0,0,4,1,0,3,3,3,0,0,2,0,2,0,0,1
788,1,6,2,1,33,1,0,4,1,0,4,2,5,0,1,1,0,1,1,0,0
789,0,5,0,1,31,1,1,4,1,0,3,2,2,1,0,1,0,1,0,0,0
790,1,3,1,5,6,1,0,2,0,0,4,1,3,0,0,1,0,2,1,0,0
791,2,3,1,4,33,0,0,3,1,0,4,3,4,0,0,1,2,2,0,0,1
792,2,1,0,2,6,0,1,1,1,0,2,1,2,0,0,2,0,1,1,0,1
793,3,3,1,2,15,1,0,3,1,0,4,2,5,0,1,1,0,1,1,0,1
794,2,3,1,2,16,2,0,4,1,0,3,2,3,0,2,1,0,1,0,0,1
795,2,1,1,2,12,4,4,2,0,0,4,1,2,0,2,1,0,1,1,0,1
796,0,2,1,4,40,0,0,1,1,0,4,1,5,0,1,1,0,2,0,0,0
797,2,1,0,2,6,1,4,2,0,0,4,1,2,0,2,2,1,1,1,0,1
798,2,3,2,3,3,0,0,4,1,0,4,3,5,0,0,2,0,1,0,0,1
799,1,1,1,3,8,0,4,4,1,0,2,0,3,0,0,1,3,1,1,0,1
800,2,3,0,1,8,1,0,4,1,0,4,2,5,0,1,2,0,2,1,0,1
801,1,2,0,0,9,1,0,3,0,1,4,0,4,1,2,2,1,1,0,0,1
802,0,2,0,2,22,1,0,1,0,0,4,1,2,0,0,2,0,1,1,0,1
803,2,1,0,0,4,0,0,4,1,0,4,3,3,0,0,2,0,1,1,0,1
804,1,1,1,3,39,0,3,1,0,0,2,0,2,0,2,1,3,1,1,0,1
805,0,4,1,3,49,1,2,2,1,0,1,3,2,0,0,1,0,1,0,0,0
806,1,1,1,0,2,1,4,3,1,0,3,0,2,0,0,1,1,1,1,1,1
807,2,1,0,0,4,0,0,4,1,0,4,0,6,0,0,4,0,1,1,0,1
808,1,5,4,4,49,1,3,1,1,0,2,2,5,1,1,1,2,1,0,0,1
809,1,2,3,3,9,1,4,2,0,0,1,0,2,0,2,2,3,1,1,0,0
810,1,1,1,5,4,1,4,3,1,0,2,0,2,0,0,1,0,1,0,0,1
811,1,1,1,0,2,1,2,3,1,1,3,0,2,1,0,1,1,1,1,0,1
812,0,4,0,4,51,1,2,4,1,0,4,3,2,0,0,2,0,1,0,0,0
813,0,6,1,6,16,1,1,3,1,0,4,3,5,0,0,1,0,1,1,0,0
814,0,6,1,3,20,1,2,4,1,0,4,2,4,0,1,1,0,2,1,0,0
815,1,4,2,3,39,1,1,2,0,0,2,1,5,0,2,1,0,1,1,0,1
816,2,1,1,6,6,2,1,1,1,0,4,0,6,0,0,1,0,1,1,0,1
817,2,1,0,0,8,1,2,1,0,0,2,3,2,0,2,2,0,1,0,0,1
818,0,4,1,8,85,1,3,2,1,2,3,3,4,0,0,1,2,1,1,0,1
819,0,2,1,0,6,1,1,4,1,0,3,0,2,1,0,1,0,1,1,0,0
820,2,1,1,3,5,1,1,3,1,0,2,0,2,0,0,2,0,1,0,0,1
821,3,1,1,0,15,1,1,3,1,0,1,3,2,0,0,1,0,1,1,0,1
822,0,4,1,2,14,1,0,2,1,0,2,1,4,1,0,1,0,2,1,0,0
823,0,1,0,3,3,1,0,4,1,0,4,0,4,0,0,2,1,1,1,0,1
824,2,2,0,2,20,1,4,3,1,0,2,3,3,0,0,2,2,1,0,0,1
825,0,3,0,3,8,1,0,4,1,0,3,3,3,0,0,2,0,1,0,0,1
826,0,2,0,3,21,1,0,1,0,0,4,0,3,1,2,3,0,1,0,0,0
827,2,2,3,5,22,1,1,2,1,0,2,3,3,2,0,2,0,2,1,0,0
828,0,4,1,4,44,0,0,3,1,0,4,2,4,0,1,1,0,1,1,0,0
829,1,6,2,5,35,0,1,4,1,0,4,2,3,0,1,1,0,2,0,0,1
830,2,3,2,5,12,2,1,4,1,0,2,3,4,0,0,2,0,2,0,0,1
831,0,2,1,3,6,1,4,4,0,0,3,3,2,0,2,1,0,1,0,0,0
832,0,5,3,5,63,1,0,2,1,0,4,3,2,0,2,2,0,1,1,0,0
833,1,3,1,0,27,0,0,2,0,0,4,3,4,0,0,1,0,1,0,0,1
834,3,2,1,0,12,1,4,2,0,0,3,0,2,0,0,1,1,1,1,0,0
835,0,1,3,3,5,1,1,4,1,0,4,3,4,1,0,2,0,1,1,0,0
836,2,1,1,0,4,0,1,4,0,0,2,3,2,0,0,1,0,1,1,0,1
837,2,1,1,2,2,1,4,1,0,0,3,0,2,0,2,1,1,2,1,0,1
838,0,3,0,4,15,1,0,4,1,0,4,1,6,0,0,2,0,1,0,0,1
839,2,3,0,0,13,1,0,4,1,2,3,0,4,0,0,2,0,1,1,0,1
840,0,4,1,2,27,1,2,4,1,0,2,1,2,0,0,1,0,1,1,0,0
841,2,3,2,4,15,1,1,3,1,0,2,0,2,2,0,2,1,1,1,0,1
842,2,2,1,7,10,1,4,4,0,0,4,0,2,0,0,1,0,1,1,0,0
843,2,3,4,5,8,1,2,4,1,0,4,3,5,1,0,1,0,1,0,0,1
844,2,2,1,2,18,1,0,4,1,0,4,1,4,1,0,3,0,2,0,0,1
845,1,3,1,2,21,0,2,2,1,0,3,3,3,0,0,1,0,1,0,0,1
846,2,2,1,3,36,0,1,2,1,0,4,3,6,0,2,2,0,1,1,0,0
847,2,3,1,3,6,1,4,4,1,0,2,0,2,0,0,1,0,1,1,0,1
848,0,1,1,0,7,1,2,3,1,0,4,0,5,0,0,1,0,1,1,0,1
849,0,1,1,0,3,1,0,4,1,0,4,0,5,2,0,1,1,1,1,0,0
850,0,2,0,3,11,1,1,4,1,1,2,1,3,1,2,2,0,1,1,1,0
851,2,3,0,4,21,0,2,3,1,0,4,1,4,0,0,2,0,1,0,0,1
852,2,2,0,0,7,1,1,4,1,0,4,2,3,0,1,2,0,1,0,0,1
853,0,2,4,3,7,1,2,4,1,0,4,2,3,0,1,2,1,2,1,0,0
854,2,4,2,3,58,1,0,2,1,0,2,3,4,0,0,2,0,2,0,0,1
855,2,3,1,3,7,4,4,4,1,0,3,0,3,0,0,1,0,1,0,0,1
856,2,1,1,9,4,0,2,4,0,0,3,1,4,0,0,1,0,1,0,0,1
857,2,2,0,2,17,1,1,4,1,0,2,2,2,0,1,1,0,1,0,0,1
858,0,2,1,3,21,1,1,3,0,0,2,1,2,0,0,1,0,1,0,0,0
859,2,1,1,3,18,4,1,1,1,1,2,0,2,0,2,1,0,2,1,1,1
860,2,3,0,4,30,3,1,4,1,0,2,0,2,0,0,2,0,1,1,0,1
861,2,2,2,5,11,1,1,4,1,0,2,3,2,0,0,1,0,1,0,0,0
862,0,3,1,0,12,1,4,4,0,0,4,0,3,0,0,1,0,1,0,0,0
863,2,3,0,2,24,3,4,4,1,0,2,0,3,2,0,2,1,2,0,0,1
864,2,1,1,2,11,1,1,2,1,0,2,0,2,1,2,1,1,1,1,0,0
865,2,2,1,2,11,2,1,2,0,0,4,3,2,0,2,1,0,1,1,0,1
866,0,2,1,0,12,1,4,4,0,0,1,3,2,2,0,1,0,1,1,0,1
867,2,1,0,2,17,1,0,2,1,0,4,1,4,2,0,1,0,1,1,0,1
868,2,4,1,5,39,0,0,3,1,0,2,1,3,0,0,2,0,1,1,0,1
869,0,1,1,2,3,1,0,4,0,0,4,1,2,0,2,1,0,1,1,0,1
870,2,4,2,2,41,2,2,2,0,0,4,3,4,0,0,2,0,1,0,0,1
871,3,1,0,3,6,1,0,1,1,0,4,0,4,0,0,2,0,2,1,1,1
872,0,3,0,5,7,4,2,4,1,0,1,0,2,0,0,2,0,1,0,0,1
873,2,2,1,6,4,0,4,4,0,0,1,0,2,0,0,1,0,1,1,0,1
874,0,1,1,2,19,1,1,2,1,2,2,1,2,0,0,1,1,2,1,0,1
875,1,1,0,3,6,3,1,4,0,0,4,3,4,0,0,2,0,1,1,0,1
876,0,2,4,0,10,1,4,3,1,2,4,2,3,1,1,1,2,1,0,0,1
877,2,4,1,0,19,1,0,4,1,0,2,3,2,0,0,1,0,1,1,0,1
878,0,1,1,3,7,1,4,3,1,0,2,2,2,0,1,1,2,1,0,0,0
879,2,4,0,0,36,0,2,2,1,0,3,1,3,0,0,2,0,1,1,0,1
880,2,3,1,4,41,1,2,3,1,0,3,3,3,0,0,1,2,1,0,0,1
881,2,3,1,4,49,0,1,2,1,0,4,2,4,0,1,1,0,1,0,0,1
882,1,4,0,3,11,0,0,4,1,0,4,0,3,0,0,2,0,1,1,0,1
883,2,2,0,0,5,1,3,4,0,0,4,3,6,0,0,2,3,1,1,0,1
884,1,3,1,2,21,1,2,3,1,0,3,3,4,0,0,1,0,1,0,0,0
885,0,1,1,1,3,1,4,4,0,0,4,1,5,0,0,1,0,1,1,0,0
886,1,3,0,5,14,0,2,4,1,0,3,2,3,0,0,2,0,2,0,0,1
887,1,6,1,5,84,1,1,2,1,0,2,3,2,0,0,1,0,1,0,0,0
888,2,4,0,3,35,1,0,4,1,0,4,3,3,0,0,2,2,1,0,0,1
889,2,3,4,4,41,0,4,3,1,1,4,0,4,1,2,2,0,2,0,0,1
890,0,3,0,5,12,1,0,4,1,0,4,3,4,2,0,4,2,2,0,0,1
891,2,2,0,0,9,1,0,4,1,0,4,3,4,0,0,2,0,1,0,0,1
892,0,1,0,3,11,1,1,4,1,0,4,1,3,1,0,2,1,1,1,1,1
893,1,4,0,4,30,1,1,3,1,0,4,3,3,0,0,2,0,1,0,0,1
894,2,2,0,0,5,0,1,4,1,0,3,1,2,0,0,2,0,1,0,0,1
895,2,4,2,4,47,0,2,3,1,0,2,3,3,2,0,1,2,2,0,0,1
896,0,3,1,0,13,1,4,4,0,0,4,1,2,0,2,1,2,1,0,0,1
897,2,1,0,2,8,3,2,3,0,0,2,1,3,0,0,1,0,1,1,1,1
898,2,2,1,2,11,0,2,1,0,0,4,0,3,1,2,1,1,1,1,0,1
899,0,2,1,2,22,1,1,2,1,2,3,3,4,0,0,1,0,1,1,0,0
900,0,2,0,3,13,1,0,2,1,1,4,1,4,1,2,1,0,1,0,0,0
901,2,2,0,3,18,0,4,2,1,0,4,0,4,0,0,2,0,1,0,0,1
902,2,4,0,4,56,0,0,2,1,0,4,2,4,0,1,2,0,1,1,0,1
903,2,2,1,0,7,0,1,4,1,0,2,0,4,0,2,1,0,1,0,0,1
904,2,3,1,0,6,1,0,4,1,0,1,0,3,0,0,1,2,1,0,0,1
905,0,1,1,0,5,1,1,2,1,0,2,0,2,0,2,1,2,2,0,0,1
906,0,3,1,3,19,0,2,2,1,2,2,0,2,0,0,1,1,1,1,1,1
907,1,4,1,1,19,0,1,2,1,0,2,3,2,0,0,1,0,1,1,0,1
908,2,2,2,4,19,1,4,1,0,0,2,1,4,0,0,2,1,1,1,0,1
909,1,1,1,3,16,0,1,1,0,0,2,0,3,0,0,1,1,1,1,0,1
910,2,4,2,0,23,1,1,4,0,0,4,0,3,0,0,2,0,1,1,0,1
911,1,3,0,2,25,1,4,2,0,0,4,3,2,1,0,1,1,1,1,0,0
912,1,4,1,0,15,0,0,2,0,0,4,3,2,0,0,1,0,1,1,0,1
913,2,1,1,5,11,3,0,1,1,0,2,0,2,0,0,1,0,1,0,0,1
914,0,3,4,5,16,1,1,4,1,0,2,1,3,0,2,1,0,1,0,0,0
915,1,6,3,8,99,1,1,1,0,0,2,1,3,1,0,1,2,1,0,1,0
916,2,1,1,4,15,4,1,1,1,2,2,0,3,0,0,1,0,2,1,0,1
917,0,1,1,3,79,1,0,1,1,0,4,2,6,1,0,1,2,1,0,0,0
918,0,3,1,2,12,4,3,1,1,0,1,1,3,0,0,1,0,1,1,0,0
919,0,3,1,2,17,1,0,4,1,0,2,1,3,0,2,1,2,1,0,0,0
920,2,2,0,2,9,1,1,4,0,0,2,2,2,0,0,2,0,1,1,0,1
921,2,6,2,0,68,2,2,4,1,0,1,3,3,0,0,1,2,1,0,0,1
922,0,1,1,0,7,1,4,3,0,0,4,1,2,0,2,1,0,1,1,0,0
923,1,1,1,3,10,1,2,3,1,0,4,1,3,0,2,1,0,2,0,0,1
924,0,3,4,2,36,1,4,2,1,0,1,1,5,1,0,1,0,1,0,0,0
925,0,1,4,3,3,1,4,4,1,0,2,3,4,1,0,2,0,1,0,0,0
926,0,2,0,2,5,1,4,4,0,0,4,1,2,0,2,1,0,1,1,0,1
927,0,6,1,4,55,1,2,4,1,0,4,2,3,2,1,3,0,2,0,0,0
928,2,4,1,0,9,0,0,4,1,0,4,3,5,0,0,1,0,1,0,0,1
929,0,1,2,3,6,1,1,4,1,0,2,0,4,0,0,2,1,2,1,0,1
930,0,3,1,2,9,1,4,4,1,2,1,1,2,0,0,1,1,1,1,1,1
931,1,1,1,0,8,1,4,4,0,0,2,3,2,0,0,1,0,1,0,0,0
932,2,1,0,3,6,1,1,3,1,0,1,0,3,0,0,2,0,1,1,0,1
933,2,1,0,0,2,2,0,4,1,0,4,1,4,0,0,2,0,2,0,0,1
934,0,1,1,0,7,1,1,4,0,0,1,3,2,1,0,1,0,1,1,0,1
935,1,4,2,0,9,4,4,4,1,0,3,2,3,2,0,2,2,1,1,0,0
936,3,1,1,0,3,1,1,3,0,0,2,0,2,0,0,1,1,1,1,0,0
937,1,1,1,0,10,1,4,4,1,0,3,3,3,0,2,1,2,1,0,0,1
938,1,7,1,1,33,1,1,4,1,0,4,2,4,0,1,1,0,1,1,0,0
939,2,3,0,4,36,0,1,2,1,0,4,1,4,0,0,2,2,2,0,0,1
940,2,1,1,3,18,0,4,2,1,0,3,1,4,0,0,1,2,2,0,0,1
941,2,1,1,3,7,1,1,3,1,0,2,0,3,0,0,1,1,2,1,1,1
942,2,3,1,2,4,0,2,4,1,0,2,3,3,2,0,1,0,1,0,0,1
943,2,1,0,3,7,1,2,2,1,0,1,0,4,0,0,3,1,2,1,0,1
944,0,2,1,2,9,1,4,4,0,1,1,1,4,0,2,1,0,1,1,0,1
945,1,6,3,3,44,2,4,1,0,0,1,3,3,0,0,2,0,1,1,0,1
946,0,3,4,2,17,2,4,4,1,0,4,2,3,0,1,1,0,2,0,0,0
947,2,1,1,3,15,0,3,4,1,0,4,2,3,0,0,1,2,1,0,0,1
948,2,2,1,2,7,1,4,4,1,2,1,1,4,0,0,1,1,2,1,0,0
949,2,3,1,0,19,4,0,2,1,0,4,3,3,0,0,2,0,1,1,0,0
950,1,2,0,5,19,1,3,3,1,0,3,3,4,0,0,3,3,2,0,0,1
951,0,4,2,5,11,1,2,2,1,0,1,3,2,0,0,2,0,1,0,0,0
952,1,3,1,4,21,2,4,3,0,0,4,3,2,0,2,1,0,1,1,0,0
953,2,4,1,2,58,1,3,4,0,0,2,3,2,0,0,2,2,1,0,0,0
954,0,1,1,3,9,1,1,4,0,1,4,1,2,0,0,1,0,1,0,0,1
955,0,3,0,0,6,3,0,4,0,0,4,1,5,0,2,2,2,1,0,0,1
956,3,4,0,0,19,0,0,4,1,0,4,1,4,2,0,2,1,1,1,0,1
957,1,1,0,0,5,1,0,2,1,0,4,0,3,0,0,3,1,1,1,0,1
958,0,3,1,3,21,1,1,3,1,0,2,3,4,0,0,1,1,1,1,0,0
959,1,3,1,2,16,4,0,4,1,0,4,2,3,0,1,1,0,1,1,0,1
960,2,1,0,0,9,1,0,2,1,0,2,0,3,0,2,2,0,1,1,0,1
961,1,3,2,3,12,1,1,1,1,0,4,1,4,0,0,2,0,1,1,0,1
962,2,2,1,3,18,0,1,3,1,0,2,2,2,0,0,1,0,1,1,0,1
963,2,3,1,0,12,2,0,3,1,0,2,3,3,1,0,2,0,1,0,0,0
964,1,1,1,7,2,1,4,3,1,0,1,1,2,0,0,1,1,1,1,0,1
965,1,4,1,0,8,0,1,4,0,0,1,3,2,0,0,1,0,1,1,0,1
966,1,3,0,0,13,2,1,4,1,0,2,1,2,0,0,2,1,1,1,0,0
967,2,2,1,0,18,1,0,4,0,0,2,3,5,1,2,1,2,1,0,0,1
968,2,5,1,0,38,0,2,2,1,0,4,1,2,0,2,1,0,1,0,0,1
969,0,1,0,3,20,1,1,1,1,0,2,0,4,0,0,2,1,2,1,0,1
970,1,2,1,7,7,4,1,4,1,1,2,0,2,0,0,1,0,1,1,0,1
971,2,3,1,3,39,1,1,1,1,0,4,1,4,0,0,1,1,2,1,0,1
972,0,3,4,3,6,1,3,1,0,2,4,2,2,0,2,2,3,1,1,0,0
973,0,7,1,5,38,1,0,4,1,2,4,2,3,0,2,1,0,1,1,0,0
974,2,4,0,0,14,1,1,4,0,0,2,3,3,0,0,1,0,1,0,0,1
975,3,3,1,0,6,2,1,3,0,0,3,3,5,0,0,1,1,1,1,0,1
976,1,1,1,0,3,1,1,2,0,1,3,0,6,0,0,1,0,1,1,0,1
977,1,2,2,5,12,0,0,4,1,0,2,1,4,0,0,2,0,1,1,0,1
978,2,3,2,3,13,1,0,4,1,0,4,3,4,0,0,2,1,2,1,0,0
979,1,2,4,3,6,4,1,2,1,0,2,1,2,0,2,1,0,1,1,0,0
980,1,4,0,2,44,1,2,2,1,0,2,1,4,0,0,1,0,1,1,0,0
981,2,6,1,5,25,1,3,3,1,0,2,3,3,1,2,1,2,1,0,0,0
982,3,3,1,3,15,4,1,1,0,0,1,3,2,1,0,1,2,1,0,0,1
983,0,4,1,4,44,1,1,2,1,0,2,1,2,0,0,1,0,2,1,0,0
984,2,3,0,2,10,1,2,2,1,0,2,1,3,0,0,2,1,1,1,0,1
985,0,2,0,2,7,1,1,4,0,0,3,1,2,0,2,2,0,1,1,0,1
986,3,5,3,5,33,1,4,2,1,0,1,1,3,0,0,2,0,1,1,0,1
987,2,2,1,0,7,4,3,2,0,0,4,0,6,0,0,1,0,1,1,0,1
988,0,3,1,4,35,1,3,4,1,0,2,2,2,0,1,1,2,1,0,0,1
989,1,3,0,0,9,1,0,4,1,0,2,1,4,0,0,2,1,1,1,0,1
990,2,1,0,1,18,0,4,2,1,0,1,1,3,0,0,2,1,2,1,0,1
991,2,2,4,0,8,4,0,4,1,0,4,3,3,1,0,1,1,2,1,0,1
992,0,2,1,0,10,0,2,2,1,0,4,3,2,0,2,2,1,1,1,0,1
993,0,4,1,2,21,1,3,4,1,0,3,1,3,0,0,1,2,1,0,0,1
994,2,1,1,3,12,0,0,4,1,0,3,3,5,0,0,1,0,1,0,0,1
995,2,1,1,2,9,1,2,3,0,0,4,0,3,0,0,1,1,1,1,0,1
996,0,4,1,4,20,1,1,4,1,0,4,1,4,0,0,1,2,1,0,0,1
997,2,1,1,0,3,1,0,4,1,0,4,3,3,0,0,1,0,1,1,0,1
998,0,5,1,0,9,1,1,4,1,0,4,2,2,0,1,1,0,1,0,0,0
999,1,5,0,4,24,4,3,3,1,0,4,3,2,0,0,1,0,1,1,0,1
